address,time,chain
0x47967fe27f07fb54e9f4daa2541c0f75e27ddde7,2026-04-24 13:09:11.000 UTC,ethereum
0xb59a08c3887a250f9f26252bf638d69a8381a76b,2026-04-23 16:36:23.000 UTC,ethereum
0x8fe3bdfbe4fa3806ee87ef1b65bc7c3e5ffa5937,2026-04-23 16:36:23.000 UTC,ethereum
0x8593cdea3acb49ca93909d57de77c0b682fd673c,2026-04-23 16:36:23.000 UTC,ethereum
0x079d6c61860983536568803e6883c56e38615995,2026-04-23 16:36:23.000 UTC,ethereum
0x2b392af65c413fff99a578a033ea9c7b40e61c89,2026-04-23 16:36:23.000 UTC,ethereum
0xfbca88eb33788fb700a392d781f09c916d68e1ef,2026-04-20 15:13:11.000 UTC,ethereum
0x204929752a49faec389dd5f59eeffe5d25e557eb,2026-04-20 15:13:11.000 UTC,ethereum
0x71ed1f20d598cf3aa34186a9a4ebb652eaca3bb7,2026-04-20 15:13:11.000 UTC,ethereum
0xaa837e5c853c5c3bd3aebe9413f42588b3b4f920,2026-04-17 20:30:47.000 UTC,ethereum
0x88b11b315cc731a9e53e35bff82e7129098eb87c,2026-04-16 21:13:35.000 UTC,ethereum
0x665cc8809320d549c8c99f5ad9a4a02cb3cb9a90,2026-04-15 07:20:35.000 UTC,ethereum
0x73fda05b5225fff20327075d4537396855997b1b,2026-04-13 16:07:47.000 UTC,ethereum
0x4cd063c38b1602fabc6248da68f25efdfad00dbf,2026-04-12 07:34:23.000 UTC,ethereum
0x23abaeb39ccf601b16f673a22a3f476a614c3d76,2026-04-10 20:47:47.000 UTC,ethereum
0xc82a96f370cdf451aed29dbd3ff36a1b54217fe9,2026-04-10 20:47:47.000 UTC,ethereum
0x45dddbf8b699d462044c12e6e71c31c2a0e929ad,2026-04-10 20:47:47.000 UTC,ethereum
0x1ec3fee89b716cf1ddef46957fddbe7ad0c7c030,2026-04-10 20:47:47.000 UTC,ethereum
0x5def1b6089045a9cbaa45f500b8f3c6d81058fc8,2026-04-10 16:38:23.000 UTC,ethereum
0xabe7db85b0685eaeb9829794a91357d662ba97c6,2026-04-10 15:17:11.000 UTC,ethereum
0x54681ea2a9aec17322b9b594a121868976ca42be,2026-04-09 14:25:35.000 UTC,ethereum
0xa069b1d6414ae0f05dfbb4d0f6a368a0cfccca86,2026-04-03 21:29:11.000 UTC,ethereum
0xb8b421e4db9a10712aca82a22645229bbad56d1a,2026-04-03 21:29:11.000 UTC,ethereum
0x480a825bed6cdba9da81cc01faacd12166761dec,2026-04-02 17:28:11.000 UTC,ethereum
0xa8b2553f32304176be624bc4f58c18ec01051018,2026-04-02 17:28:11.000 UTC,ethereum
0x5ae2663949af4756710934cc528c0f0f7d9e5e7e,2026-03-31 20:56:59.000 UTC,ethereum
0x902d9310a2c10a779a4a9a367b69bb58dc87c21a,2026-03-30 21:02:23.000 UTC,ethereum
0x5fadb7661e4134e5dde1c92c962e4ba9a081c0a0,2026-03-26 22:02:35.000 UTC,ethereum
0x217ab8f5cf0337aeecd6a6981e0587ff5d4aedb7,2026-03-26 22:02:35.000 UTC,ethereum
0x3df6c91c524cb73df79f7a4a5e5f2618ee557551,2026-03-26 22:02:35.000 UTC,ethereum
0xa1e9e989b72715b642799c80022a30a99e8ae5a1,2026-03-25 19:20:11.000 UTC,ethereum
0xb781d13efb4dec7b9dd1285ace100919dd21c434,2026-03-24 23:29:35.000 UTC,ethereum
0xc125abc00522891535f130d402e8d889b606432a,2026-03-24 23:29:35.000 UTC,ethereum
0xcfa1cbc4fe4892e2c121851d97419b7691abd2f2,2026-03-24 23:29:35.000 UTC,ethereum
0xcc43932dc902ef1affe4bdb124ab2212ce18bb73,2026-03-24 23:29:35.000 UTC,ethereum
0xff63723f6831e0f39bf85a2a80b61d4f3cea455a,2026-03-24 23:29:35.000 UTC,ethereum
0x2d81713c58452c92c19b2917e1c770eecf53fe41,2026-03-24 23:29:35.000 UTC,ethereum
0x2e15d7aa0650de1009710fdd45c3468d75ae1392,2026-03-24 23:29:35.000 UTC,ethereum
0xaa46e346e545d27bc154cba97cd91c45e64fda7e,2026-03-24 23:29:35.000 UTC,ethereum
0xd2687ebffd715ee8f23971745979b558a78f5ea0,2026-03-24 23:29:35.000 UTC,ethereum
0xe7eb4d9a633d65d1a6ac61ac8a2327346c0fb14a,2026-03-24 23:29:35.000 UTC,ethereum
0xf9e83020cccbd1a95f0f257a5a9e3d58149762f8,2026-03-24 23:28:59.000 UTC,ethereum
0x6b43ac16dba34950bd7a624989cddfb82eea81b2,2026-03-24 23:28:59.000 UTC,ethereum
0xd8f7016927ad44db6f1a0db051a5a6b884562122,2026-03-24 23:28:59.000 UTC,ethereum
0x827253f62f0325a3818053f2682ebb19f89d0df2,2026-03-24 23:28:59.000 UTC,ethereum
0x6926408f55c4f322ebe1a3cc7e4fff380c5543df,2026-03-24 23:28:59.000 UTC,ethereum
0x42ac6a768801027f43067e8f0cf0425273f9ae7f,2026-03-24 23:28:59.000 UTC,ethereum
0xb33f36032c8a194cbea04644313e0a37f7b4a5f8,2026-03-24 23:28:59.000 UTC,ethereum
0x55bb2ea134e8e38759ce5d96924c288b873828a7,2026-03-24 23:28:59.000 UTC,ethereum
0x4ea2466cff0689dcd26c3b1ca554ca49bb22f483,2026-03-24 23:28:35.000 UTC,ethereum
0x49ba71a10832a0b987e2ebaed3e58e90441a8ce3,2026-03-24 23:28:35.000 UTC,ethereum
0xb5a1e5910644669b0503d2edd41c25515b8e320d,2026-03-24 23:28:35.000 UTC,ethereum
0x18779e0200a1a716e785cfe2c6f52bb763242cab,2026-03-24 23:28:35.000 UTC,ethereum
0x75a80101bbe1a0f5cc92bbff40cdc16faf4b492c,2026-03-24 23:28:35.000 UTC,ethereum
0xa833a3ec095d9ec58ac7d1b9182c57d67887b8b9,2026-03-24 23:28:35.000 UTC,ethereum
0x3b848ac300b9e0d260e812b628b87a03d278db95,2026-03-24 23:28:35.000 UTC,ethereum
0xb77230243b06f7c8e313755b965f2026497ed3e2,2026-03-24 23:28:35.000 UTC,ethereum
0xd8f39f3a20b764669a5c8839d4cb94639a642af4,2026-03-24 23:28:35.000 UTC,ethereum
0x7541f8a7f8d6b173cc54ed4548c8d730db883f99,2026-03-24 23:27:59.000 UTC,ethereum
0xab61ee0f6ce3f72cac142a75869847642db19f0e,2026-03-24 23:27:59.000 UTC,ethereum
0x05c0a0d48e7e96d954e620fa133a4e010b119067,2026-03-24 23:27:59.000 UTC,ethereum
0x7520cad39e6143297d0487ff9933399e3e43646d,2026-03-24 23:27:59.000 UTC,ethereum
0xb5f3cb721fc2b534aca67fbcfed1c1b1f3c08216,2026-03-24 23:27:59.000 UTC,ethereum
0x88e15e9bc90f74bfd56212a08b44e3b55545bdfa,2026-03-24 23:27:59.000 UTC,ethereum
0x4dd00a697a0a8e32415c1e8d4b39e3cdc9a9c636,2026-03-24 23:27:59.000 UTC,ethereum
0x2af2b381804fbc311308789caee6ebe6b5a561b6,2026-03-24 23:27:35.000 UTC,ethereum
0x6138d5e437c75bda6001764893eae040d1b9c775,2026-03-24 23:27:35.000 UTC,ethereum
0xe47f743c2ddd0a1b83c3b0fb3b1d508a5adf0507,2026-03-24 23:27:35.000 UTC,ethereum
0xd4f4699c61ff4307292d22093caebb8e2320178a,2026-03-24 23:27:35.000 UTC,ethereum
0x09231680e3ac21c18213f1c1bb9c4bc35988a213,2026-03-24 23:27:35.000 UTC,ethereum
0x44ffbce179e41cccc28d68e7fd112ae8e637d85c,2026-03-24 23:27:35.000 UTC,ethereum
0x06dd6450370c980f4f0f563b0ca17cb2ff8c8954,2026-03-24 23:27:35.000 UTC,ethereum
0xd5c1c8b411b26628db9063a732f61f64dbe55038,2026-03-24 23:26:35.000 UTC,ethereum
0x5943cbf095e7451c53f96bceba02f68fd0220667,2026-03-24 23:26:35.000 UTC,ethereum
0xdb913173921931e3fa0578462c0eed0f9de8839e,2026-03-24 23:26:35.000 UTC,ethereum
0x634c9732c8f368b6c5e200c4152f28b2568aa7f9,2026-03-24 23:26:35.000 UTC,ethereum
0x1485fe2d36d075ff794c11d306d3da5be7fc124c,2026-03-24 23:26:35.000 UTC,ethereum
0x50fe09c1e4c7debd0c3d42e63427bc49752564f7,2026-03-24 23:26:35.000 UTC,ethereum
0xae5cdb7b34ad0f966a65e7fd5c5cf30c389aff14,2026-03-24 15:25:11.000 UTC,ethereum
0x520c1a9173b82f45195abccba29839526558c43f,2026-03-24 13:46:47.000 UTC,ethereum
0xa5e6ca86603fd96d666c02ff08d3b8a50644a5fd,2026-03-19 17:53:47.000 UTC,ethereum
0xf63599e3c336ee96b597a784a40866914849fb1a,2026-03-19 17:53:47.000 UTC,ethereum
0x6b53e62e638015be9887608f9617dc9ef535e0b1,2026-03-19 17:53:47.000 UTC,ethereum
0x012035448d2ff017fb155d4180b15da46da17d30,2026-03-19 17:53:47.000 UTC,ethereum
0xb319298fdd286148e80dc418e5efe27d98f50f63,2026-03-19 17:53:47.000 UTC,ethereum
0x9c138832c04c581427fbac8245432009704484b3,2026-03-19 17:38:35.000 UTC,ethereum
0x5d36df85b8b7d306c9e49f03c5f34f80f8eade44,2026-03-19 17:38:35.000 UTC,ethereum
0xe39d2aa8983d125beae388ab72415bc5d2b5616d,2026-03-19 17:38:35.000 UTC,ethereum
0xe7d7945b4e93e11adb9738021e965a921a2e16a2,2026-03-19 17:38:35.000 UTC,ethereum
0x8766fe4aa2208afd9a5b050acfcdbb4ad4d3d8ee,2026-03-19 17:38:35.000 UTC,ethereum
0x9abdd86c8eb50b75a51226ba4f440e4ec2de1e3d,2026-03-19 14:56:59.000 UTC,ethereum
0xfec6686e8204936f96f86c553f8c845bad1ba76b,2026-03-19 13:58:59.000 UTC,ethereum
0xf3e027ee6b96972db76f80d413821d9d0173c29e,2026-03-19 13:58:59.000 UTC,ethereum
0x30f1537bde1190825b3d43fb0e517b3c3ce84602,2026-03-18 10:06:47.000 UTC,ethereum
0x11dcd88bb86860b7962c73737b3d0595445570de,2026-03-18 10:06:47.000 UTC,ethereum
0x24ee1718f8dfce6ec10681b1d996b9c4c59d3544,2026-03-18 10:04:59.000 UTC,ethereum
0x8b042d37c12ce51198609b15eb84b118751ddc36,2026-03-18 10:00:11.000 UTC,ethereum
0x796b8dc0db70ce3048cd4767f50bfc2de309770d,2026-03-18 10:00:11.000 UTC,ethereum
0x84199a22948a7ab0b04126a6c8b9b13562088651,2026-03-17 20:01:59.000 UTC,ethereum
0x8abd7d04c54ff189e10fd25cdd37520c01b13d70,2026-03-17 20:01:35.000 UTC,ethereum
0xfba15eae53c5263b9b272cdb76f278ee9f6e0111,2026-03-17 18:54:47.000 UTC,ethereum
0x782f170243ea5b322aab78f87894cea69e33e060,2026-03-17 15:51:11.000 UTC,ethereum
0xa0716dae3132701e49ff83d7fc57c7231e21e05a,2026-03-17 14:39:23.000 UTC,ethereum
0xf62c01085cb20db61de6ac295332e2fadc7b26d6,2026-03-17 10:48:35.000 UTC,ethereum
0xf2593cf5371b3423ee2908560245ff830f0d8c5a,2026-03-17 10:48:35.000 UTC,ethereum
0xc4245d85f2f5f1d15ba0ecd2382f381718a3aa20,2026-03-16 20:06:47.000 UTC,ethereum
0xc18360217d8f7ab5e7c516566761ea12ce7f9d72,2026-03-16 20:06:11.000 UTC,ethereum
0x0a5838caf734b66c1f80f9ed2b0964cca4d0a24c,2026-03-16 18:12:47.000 UTC,ethereum
0xac1ebd7f51de478c1fc29bc195aa8551029b1dc5,2026-03-16 18:05:47.000 UTC,ethereum
0x0f89110efa9b67adf96bc245770c418126c17582,2026-03-14 12:45:11.000 UTC,ethereum
0x25fd0c4ed6c686a4e49c036df7b6135376248d2c,2026-03-14 12:44:47.000 UTC,ethereum
0xd04e33461fea8302c5e1e13895b60cee8aefda7f,2026-03-12 18:01:23.000 UTC,ethereum
0x76ea76ca4eb727f18956ab93445a94c5280412b9,2026-03-12 18:01:23.000 UTC,ethereum
0xfb3eff152ea55d1bfa04dbdd509a80fd7b72cdeb,2026-03-12 18:01:23.000 UTC,ethereum
0xfda1ec4a6178d4916b001a065422d31ebe5f62ff,2026-03-12 18:01:23.000 UTC,ethereum
0x747afb5c7a7fc34b547cd0fdebf9b91759c5a52b,2026-03-12 18:01:23.000 UTC,ethereum
0x9be599d7867f5e1a2d7ec6db9710df2b98a15573,2026-03-12 18:00:47.000 UTC,ethereum
0x0330070fd38ec3bb94f58fa55d40368271e9e54a,2026-03-12 17:59:23.000 UTC,ethereum
0x95584c303fcd48af5c6b9873015f2ad0ca84eae3,2026-03-12 17:58:23.000 UTC,ethereum
0xcb74874f1e06fcf80a306e06e5379a44b488ba2d,2026-03-12 17:58:23.000 UTC,ethereum
0xb637f84b66876ebf609c2a4208905f9ddac9d075,2026-03-12 17:57:59.000 UTC,ethereum
0xe66ea87924544bf54e032bce07a8c46373e2f599,2026-03-12 16:27:11.000 UTC,ethereum
0xaf5d53b9682119d0b3fb2afa8bd10a28192dcd91,2026-03-12 15:52:59.000 UTC,ethereum
0xad5cd161399b3686461164d2e086055dc8e53c55,2026-03-10 21:53:23.000 UTC,ethereum
0xdcb311b2bc0a9d6a04dec2689c1de0a8084b719a,2026-03-10 19:49:47.000 UTC,ethereum
0x5b8c8222bbb6175d917ffcce7262a66eb2a4932a,2026-03-10 13:47:23.000 UTC,ethereum
0x2aa1ca10bddd558fdfce9572d97f8cb28cd67154,2026-03-09 22:41:11.000 UTC,ethereum
0xee31de335135f4c1aac55724554b8404967303a6,2026-03-09 22:40:23.000 UTC,ethereum
0x9a4be8d0d4a213aeb7edbfca7ca459485971605a,2026-03-09 13:37:23.000 UTC,ethereum
0xdd899ab2be0f6bd47cb1560c39239c889bb828c4,2026-03-09 13:35:47.000 UTC,ethereum
0x1cc473a4e0bbd0f21f63f5541f62eebc27813224,2026-03-04 17:55:11.000 UTC,ethereum
0xf45b5860e05f718008baca58a7dcfca3a4458a63,2026-03-04 14:59:35.000 UTC,ethereum
0xd419fbcd29b4507dc74b9dc176b50d9c14066adc,2026-03-04 14:59:11.000 UTC,ethereum
0xbcb9aa6f2cdf344f0bef8a17b1c7eda47803ceb0,2026-03-03 18:59:35.000 UTC,ethereum
0x3f30ed083fb98724302be4f376543c847e018188,2026-03-03 18:59:23.000 UTC,ethereum
0x227089429231e518c8d278a276d81fb08030e487,2026-03-03 18:59:11.000 UTC,ethereum
0x01dd4d5e90147cfd15409754e8c5d9502c87d11a,2026-03-03 18:59:11.000 UTC,ethereum
0x8d0bf078523de57073dae4bee6b534b7f851588f,2026-03-01 18:59:35.000 UTC,ethereum
0x5ecf7b3c2b72347d4ecebd7cffc367958528a4c2,2026-03-01 18:59:35.000 UTC,ethereum
0xb601c78a05f7c388be73a698a07b5140ee58bf36,2026-03-01 18:57:59.000 UTC,ethereum
0x118043e119c3a300a0cb2e40203b4221f7d9ca9b,2026-02-26 21:49:59.000 UTC,ethereum
0xd40a1413a52737598a599f80c11e0adcf45c3de1,2026-02-26 21:46:59.000 UTC,ethereum
0x673739762657f359f45bb5217ddf67383b62e12c,2026-02-26 19:33:59.000 UTC,ethereum
0x173001bc2751ada40a4a5d0464aa5134301a58d6,2026-02-26 14:23:47.000 UTC,ethereum
0xcc92e58b1286eb3d14912d6861176d2f05065f48,2026-02-24 15:22:47.000 UTC,ethereum
0x9b44c34e5fb054005614798ae19eef9494ccedc8,2026-02-23 19:31:47.000 UTC,ethereum
0xfecec2321fb6183f5e75fd28ef91e534dc4256c8,2026-02-22 08:50:47.000 UTC,ethereum
0xcbfd3d40c7ddc138483d6924dddf97e2dd8968ac,2026-02-22 08:49:59.000 UTC,ethereum
0xc2c89011d083592e20ba69e8c6301cb518a4ee21,2026-02-20 18:46:47.000 UTC,ethereum
0x415b0c35839012fb254ff6074c2be701256de853,2026-02-20 18:46:47.000 UTC,ethereum
0x6cd6ca476808b57d1ba1df118c8944de31341e19,2026-02-20 18:43:11.000 UTC,ethereum
0xc6b27113c92e0764d9d517afc1e2e9f12be72923,2026-02-20 18:43:11.000 UTC,ethereum
0x48baf0244f2dbeffb564072f3c37de272da710af,2026-02-20 18:43:11.000 UTC,ethereum
0x58ab26b8c9e866ee0bf941462442d5f9205a8367,2026-02-20 18:43:11.000 UTC,ethereum
0x9766015e1acdcd67277dfd47a7ee25aa9cfe940a,2026-02-19 16:18:11.000 UTC,ethereum
0x709e1fceda4c36842d3e7fceb785c8c2814caea8,2026-02-19 16:18:11.000 UTC,ethereum
0xb89a62e5d9128d7cfbb058a152524deac807ae9e,2026-02-19 16:17:47.000 UTC,ethereum
0x70fced58b1928467415c4b1e7e45511ecadbeffb,2026-02-19 16:17:23.000 UTC,ethereum
0x682270df9d76b946e1b45fb197202a89398bd451,2026-02-18 21:42:23.000 UTC,ethereum
0xe8f096ad82c6a50c1a0c8b2e65c74887f58cdd06,2026-02-17 14:35:59.000 UTC,ethereum
0xb5a73cbee0af2f98fdf8ba515aa8fabdf307a47c,2026-02-17 10:46:23.000 UTC,ethereum
0xf48f91df403976060cc05dbbf8a0901b09fdefd4,2026-02-17 10:46:23.000 UTC,ethereum
0x1f9840a85d5af5bf1d1762f925bdaddc4201f984,2026-02-17 10:45:59.000 UTC,ethereum
0xd60d6fb9efc1e29705818b87b0d641aa608be1af,2026-02-17 10:45:35.000 UTC,ethereum
0xe5729113ad5adfaee08270261f97536ed2f96c4a,2026-02-17 10:43:35.000 UTC,ethereum
0x047804c08fda50ec186c2f93a50f6fe3b71acc68,2026-02-12 15:58:35.000 UTC,ethereum
0x2e22da0a42635545d0857f9d4de9a0c5dc533f6f,2026-02-12 15:38:47.000 UTC,ethereum
0x5f63f39d1f95b7087ddeac173e197b560e558c59,2026-02-11 08:26:47.000 UTC,ethereum
0xdf159c19e5d0b0bb741b87f29a4ba891566d2d6c,2026-02-11 08:26:35.000 UTC,ethereum
0xd800fdfe61b4673e35dd975d19540cdbf959be2a,2026-02-11 08:26:23.000 UTC,ethereum
0xf1f78fbd690b41428f3054c21e07f5e2caa92de0,2026-02-10 15:27:35.000 UTC,ethereum
0x5742f0fd2a2f743ab7653a59db9af008168d5b6c,2026-02-07 19:06:11.000 UTC,ethereum
0xe9e59e06db3f9fe19a097727a4429c11254c9293,2026-02-07 19:06:11.000 UTC,ethereum
0xb1a741cf274d790476e8b9d5c5a377f635be97cb,2026-02-05 17:01:35.000 UTC,ethereum
0x142db1b59b0eb83a9ce96cb99611a851c6d66775,2026-02-04 17:42:59.000 UTC,ethereum
0xc48075b833e79cb3442d513540d84ccb5333cabf,2026-02-03 16:20:35.000 UTC,ethereum
0x00a258d9e72578835f6a533c49a6a5132fdaad2e,2026-02-02 21:38:47.000 UTC,ethereum
0x39b611fcbe7f45305bb54d490de5e5b0766fe4a8,2026-02-02 21:38:23.000 UTC,ethereum
0x9f23f1dc2b8e79bd90ab62633fdcdea5b5a5953e,2026-02-02 15:30:23.000 UTC,ethereum
0xbf60e5c543c1f97900c365200ce543ff6c27acc0,2026-02-02 15:29:59.000 UTC,ethereum
0x583fe94ecebd530474fd550403870481fd460b28,2026-01-31 04:41:11.000 UTC,ethereum
0x3022d3210aee9ca63e725ffea5e2f035f6eaf56c,2026-01-31 04:41:11.000 UTC,ethereum
0x905d51d0742259211af757dda2dfda5378b17a98,2026-01-31 04:40:47.000 UTC,ethereum
0x5c917331e5d7aaa04f45d3b9a919bc9dffa1f3f2,2026-01-30 05:58:23.000 UTC,ethereum
0x583317aff859976e029ef662c770ad375f910131,2026-01-28 15:01:11.000 UTC,ethereum
0xc024ccb90c055dfb24df62406ac6317f6ecaa62a,2026-01-23 18:29:23.000 UTC,ethereum
0xe33c90dc03a4b1207adc8b208b36c665718c1f8c,2026-01-23 18:29:11.000 UTC,ethereum
0x07e9ba18c6d487c2c713fe99fa23a0997fb2db3a,2026-01-23 18:28:59.000 UTC,ethereum
0xa84d48e893534262489e94544134644b50670cb5,2026-01-22 22:16:47.000 UTC,ethereum
0x27931a3b86fbeba40270b4596da0e4669be31f69,2026-01-22 22:16:23.000 UTC,ethereum
0x1c91beea4a14903d08a382b9e402d6298e978896,2026-01-22 22:16:11.000 UTC,ethereum
0xc0f6ebfdfcc434aa37deab0584eb8d0db3b9e5a0,2026-01-22 22:15:47.000 UTC,ethereum
0x9fc46f9a66a861810d2ecfde5871d9bb34d83949,2026-01-21 21:49:11.000 UTC,ethereum
0xcaa9fde273f76bc153c688c6f7023a7b46872f8e,2026-01-21 21:43:59.000 UTC,ethereum
0xa4ffea100809dcc3ab896c706b8a33f35573e999,2026-01-21 17:58:23.000 UTC,ethereum
0x22dfd052ff400d83e212ded7fdc4a4b0169186cc,2026-01-21 17:58:11.000 UTC,ethereum
0x411cb0c617df110a0db8a6b7f9727cbcf7a8eb4e,2026-01-20 20:15:11.000 UTC,ethereum
0x18e23578b12db2a3e4787b671eed569bd22e634a,2026-01-20 12:29:47.000 UTC,ethereum
0x3df918672facfc6d1d892d1cd059fe37e77e53b8,2026-01-19 17:38:59.000 UTC,ethereum
0x2254369f71b175c4b4123bfdc043447e8afb7bd7,2026-01-19 17:38:47.000 UTC,ethereum
0x0ffcdf3002a3c88c3ec4b579535ce09292cb2d2a,2026-01-19 17:38:35.000 UTC,ethereum
0x438c8f66769cb42baa2d9d81b05bd9782ee92967,2026-01-19 17:38:23.000 UTC,ethereum
0x1ef3c3da9c905fa244258e9318e413abd1700537,2026-01-19 17:38:23.000 UTC,ethereum
0xbb3782048735091ab4c304693a69371965a4ef87,2026-01-17 13:53:59.000 UTC,ethereum
0xd6e664c053b4ffd0769a9bcd980aebb81fe2b295,2026-01-17 13:53:59.000 UTC,ethereum
0xbd52dfe788a205ff1b263a22aa57f66f626e01bc,2026-01-17 13:53:47.000 UTC,ethereum
0xd53058cb87d9fb5555e677383f807d0447920a5f,2026-01-17 13:53:23.000 UTC,ethereum
0xf0b6c37c91831e7df6a85ab75f88128f61c38e47,2026-01-17 13:53:11.000 UTC,ethereum
0xb22e965635fbe3d2551257b06472a3b53653da22,2026-01-17 13:52:59.000 UTC,ethereum
0xf10ccfc82136e5d749ec824d355ff7a3db78c01c,2026-01-17 13:52:47.000 UTC,ethereum
0xda87126d6c8491131196bbddb5bd97858373a739,2026-01-17 13:52:35.000 UTC,ethereum
0x3fda951e04f7bb8651dffc0e0a1000e57d56644e,2026-01-17 13:52:23.000 UTC,ethereum
0xe2dfc8c7e4984d85eb226bd4d65c5b5af12bff16,2026-01-15 18:19:11.000 UTC,ethereum
0xb4b52d943c5c2b39dcab1f4ec217dcc331f14780,2026-01-12 22:22:35.000 UTC,ethereum
0xf998da39cd3cf9ff30441f86acca4b1a8e67ddce,2026-01-12 15:31:35.000 UTC,ethereum
0xf91b66656a09631d0ee68ad0c3d673f723f5748f,2026-01-12 15:31:11.000 UTC,ethereum
0xc55fd9acf6cc5abdaa087380a18586cf2d98d7d1,2026-01-12 15:31:11.000 UTC,ethereum
0x8d9cb6e89b5db4e83e1653e4a3ea4daef9981002,2026-01-10 22:18:59.000 UTC,ethereum
0x039991a6b971e78d0b666a9f43b3334340e1c635,2026-01-08 21:16:59.000 UTC,ethereum
0x8f882eb5e9a17220a21ec14e09b2fcf7b75d204d,2026-01-07 17:33:59.000 UTC,ethereum
0xcc1a89c035b9a3dae2110fe891e86eb2c877e500,2026-01-06 16:41:23.000 UTC,ethereum
0xbb2affe14391d8b9b8713482f4864f767c13a4b6,2026-01-05 14:37:23.000 UTC,ethereum
0xc3a987118322c53c1ffbecb8aeca07228eda8d74,2026-01-05 14:34:23.000 UTC,ethereum
0xc9b5e49ce852557fc3a19d8abcd29e0fe37ad4a2,2026-01-01 17:20:47.000 UTC,ethereum
0x1ee10da78621d514ab5066fc6821b816c1828f81,2026-01-01 17:20:35.000 UTC,ethereum
0xf82174d91f4b58cb2de15be35efb520483e639df,2026-01-01 17:19:59.000 UTC,ethereum
0xa5186ed8391315f169f914d84ff0a2b4bd28ed24,2026-01-01 17:19:47.000 UTC,ethereum
0x9f1397fdb3ca95522addfdef743390fa5e5a8a2e,2025-12-31 18:12:11.000 UTC,ethereum
0x95f5cec195b5781e09b9bae0731c7d4704bffe4d,2025-12-29 21:15:11.000 UTC,ethereum
0x950a107858524427ea5baadd626060804e1a5314,2025-12-29 21:14:47.000 UTC,ethereum
0x9b2328055872e7470e9cfdafa0186c1c72c3bac4,2025-12-26 15:02:47.000 UTC,ethereum
0x5bc1dbde90fafa1477833d803edfe4bcfce321fa,2025-12-24 22:31:59.000 UTC,ethereum
0x5701b36b2361aa8853f47b5759ef74344349cd43,2025-12-24 11:34:59.000 UTC,ethereum
0x67e277115e35bfbe6a643dc26b13ba6d60319a66,2025-12-23 04:07:47.000 UTC,ethereum
0x66f1d9635715c202653615f413153964967ee3a9,2025-12-22 11:31:47.000 UTC,ethereum
0x069208b593e1cd22cf0f041eda95eb56471dcd36,2025-12-19 21:10:47.000 UTC,ethereum
0xe47adaed1df28f8a3973288fd715f1e772182045,2025-12-19 21:10:23.000 UTC,ethereum
0xb4c6892b8c9d599d9c8713fc17ef9657ce9242d3,2025-12-18 23:50:59.000 UTC,ethereum
0x95a7cd7e2ad346f46eb59371a23f12eae90e5653,2025-12-18 23:50:35.000 UTC,ethereum
0x5fcfd6fd1629c6fbd19590d550792ca90004722f,2025-12-18 23:39:59.000 UTC,ethereum
0x5728e0a96af3d89ab2b2c1de633fd892aa87c51a,2025-12-18 23:39:59.000 UTC,ethereum
0x32f475a608b4ed398c86afc15d7f6df85608f96f,2025-12-17 15:04:59.000 UTC,ethereum
0xfb922feade6ae98bf7b21bf2fd13e8655d5b2101,2025-12-17 15:04:35.000 UTC,ethereum
0x809de039828e5e690cb1d488bedc1278ad247708,2025-12-17 15:04:23.000 UTC,ethereum
0x6dcb27ddb7a9689128b6434055d37ff0d832fe27,2025-12-17 15:03:59.000 UTC,ethereum
0xcf95ddb8f9b0dc1576c7080d798b6414e43cb7a7,2025-12-16 14:44:47.000 UTC,ethereum
0x0a2cd06bb05759d8bc1c5c0e0c0a5652b5f9a1dd,2025-12-15 19:47:11.000 UTC,ethereum
0x5da3488223f54b05e676b955139f3f67e495d96b,2025-12-15 19:46:59.000 UTC,ethereum
0xbd9946df0fa6662ea3d86c0fb0d715425be425cf,2025-12-11 17:04:11.000 UTC,ethereum
0xa680627e73cccc11d9b211f95d2d974ebdf75216,2025-12-10 18:21:35.000 UTC,ethereum
0xf51df61bd44f297e30908a727f5152724de059d6,2025-12-10 17:44:47.000 UTC,ethereum
0xc81d6551785164fa8873b094ad2334380b125557,2025-12-10 17:44:47.000 UTC,ethereum
0x658682b2e34ded80d22bd7ca15b44ed8356c9b35,2025-12-10 17:42:59.000 UTC,ethereum
0x2091adf58a627a418885882d512f2f81503b740c,2025-12-10 17:00:11.000 UTC,ethereum
0x45ff736c9ba7d2b52d6fc25e91d4f390e61f44a3,2025-12-10 16:48:47.000 UTC,ethereum
0xecdc198d90c2edff332b8007e529a54e6927b98f,2025-12-09 19:19:35.000 UTC,ethereum
0xfb12709ba3476500191462e1a4d918ed7438dc64,2025-12-08 17:48:11.000 UTC,ethereum
0x70cd43ff653682e5c037f82ec472e6a3c4af2251,2025-12-08 17:47:35.000 UTC,ethereum
0xb76a2cc1f8e95028df485130fa1edbf7019196b6,2025-12-03 17:47:59.000 UTC,ethereum
0xcf54dd006f39d66921d82f2149291cd22ff7b4e2,2025-12-03 14:50:59.000 UTC,ethereum
0x518bf030c99c9f67fb708fdda1f2932358987bb8,2025-12-03 14:49:59.000 UTC,ethereum
0xc8bd1c40d2720b544f50f2379ff42aed8480ee87,2025-12-03 14:49:23.000 UTC,ethereum
0xae1dae308ec729752d882d983f308a95ccd6e01b,2025-12-03 14:13:35.000 UTC,ethereum
0x18d0856804e495629062fd0054e306ed3c61b3dc,2025-12-03 14:13:11.000 UTC,ethereum
0xbd8f5b81ddbc39f02d5f9b9a9c77873d78a11b7e,2025-12-02 08:29:47.000 UTC,ethereum
0x15d57c36e4bc06c7c19c89bfd022bfaf07665a42,2025-12-02 08:29:35.000 UTC,ethereum
0x10f90d71ee4d75651e4032c3c516b27be3f576ee,2025-12-01 18:56:59.000 UTC,ethereum
0xc51f80024cc7a1d98cb4052261d73b7f2da9a065,2025-12-01 18:56:11.000 UTC,ethereum
0x7c879169f739aabfd13a1e4842ed201393311708,2025-12-01 18:56:11.000 UTC,ethereum
0xf92ad00a9185ccf48364e285b875d4e84aa8c917,2025-12-01 18:54:47.000 UTC,ethereum
0xe5264b95a492f88bec7c9861a43b55e12488c845,2025-12-01 18:54:47.000 UTC,ethereum
0x0d7dd12449005e1700716324ad54e93386f58cb2,2025-12-01 07:24:59.000 UTC,ethereum
0xe493d6d5c461252db5ba890051820b697d0718f0,2025-11-27 15:13:23.000 UTC,ethereum
0x01ea4398031809d0ac7add2db0632c1e52d68a40,2025-11-27 15:13:11.000 UTC,ethereum
0x0996d2538f0e342b0410015cbaf179f21e2fdb76,2025-11-27 15:13:11.000 UTC,ethereum
0x68890a936a2ca8fe0bb01025a2ca823727d429f7,2025-11-25 22:39:23.000 UTC,ethereum
0x0c79be315127d1f6fb87da9ce488fa87e3ab7883,2025-11-24 18:36:23.000 UTC,ethereum
0x4263920e309f6b8903f54b9745c476649772b86b,2025-11-24 15:02:35.000 UTC,ethereum
0x05567f4b0bfc480c0b1943c3aeb08dfbc4bf1063,2025-11-23 16:16:47.000 UTC,ethereum
0xf898adf9e7a6f44f1048a766389e7e0785753c9b,2025-11-22 15:12:23.000 UTC,ethereum
0x8805a9ad229992add7a3c8c78d1dc3df0b9023f6,2025-11-22 15:12:11.000 UTC,ethereum
0x3accbf950cabcfabec6846408b43af4941883f24,2025-11-22 15:11:59.000 UTC,ethereum
0x66395ac274efad06bcfa78c882c9c4988833823b,2025-11-22 03:34:23.000 UTC,ethereum
0x412fe62f79ca9ab9ebd0237deeee7eb0dd6cf750,2025-11-22 03:34:11.000 UTC,ethereum
0xc1696d975e52d3bfd0acb62696ca06dcc3443524,2025-11-22 03:33:47.000 UTC,ethereum
0xe1a00f7b04589091693a622b19f97a8b4314b192,2025-11-20 21:37:47.000 UTC,ethereum
0x73f590bdaaeaa993a4a1d230517f5b7a06f95b7e,2025-11-19 22:44:47.000 UTC,ethereum
0xb699334ae8b8204e1854eae697ac2a42be77aa12,2025-11-19 22:44:35.000 UTC,ethereum
0x132c7518b3f51a1d83f590b091ef58a619ecf459,2025-11-19 22:44:35.000 UTC,ethereum
0x31c942e20d6e91d3c28d41a861a3694a7ccdec38,2025-11-19 22:44:23.000 UTC,ethereum
0xe1e4c5e5ed8f03ae61b581e2def126025f2b9401,2025-11-19 22:44:11.000 UTC,ethereum
0xc103b7dc095c904b92081eef0c1640081ec01c10,2025-11-19 22:43:59.000 UTC,ethereum
0x5d5b5dafecbf31bdb08bfd3edad4f2694372d0ef,2025-11-19 22:43:47.000 UTC,ethereum
0x293dc32ff21255c421d010effcd4be29d0babccf,2025-11-19 16:01:59.000 UTC,ethereum
0xc9eb0d935fa0bae81f2905462cfbd51177eb2009,2025-11-19 01:36:23.000 UTC,ethereum
0xcd814e39137b4349b8a5288e1de38685cf6174a1,2025-11-14 21:10:59.000 UTC,ethereum
0xa75752362f3798801f1a1132310b7d3bdcda7450,2025-11-14 18:43:47.000 UTC,ethereum
0x2f37df0c24bcafbce1467bcd08459ce5fc01db85,2025-11-12 03:13:11.000 UTC,ethereum
0x60a073331d11eb01d0696d7df6347b24cabd7c24,2025-11-12 03:12:59.000 UTC,ethereum
0x221f142a03f127834ef3fd15019db9560386fcec,2025-11-10 15:10:59.000 UTC,ethereum
0x853a9652a11d0352cfa4494d95aec9ce72cf73df,2025-11-09 14:45:35.000 UTC,ethereum
0xc38ebd839bffc0b7da5c43126b3632e58cf8a69f,2025-11-09 14:45:35.000 UTC,ethereum
0xf6de67522c35cab260a2c808c6d6ff1052431fb0,2025-11-09 14:45:35.000 UTC,ethereum
0x0f4c7ffef2ab1f9dd36b6c4e0ebd74cbd6216ac1,2025-11-09 14:45:35.000 UTC,ethereum
0x95dc80adc97724275312ce37079e7395295263dd,2025-11-08 14:36:35.000 UTC,ethereum
0x8c4b9f38e5331ce8e3d925309cc52e3cf0b2fcb8,2025-11-08 00:05:35.000 UTC,ethereum
0x24267f2c639d4cc99fb1858fc06adff292d973f5,2025-11-08 00:03:47.000 UTC,ethereum
0x4f0d64974f26f6af17fa783dd1c5f459576990c3,2025-11-05 20:51:11.000 UTC,ethereum
0x02b420a2560216baf0c09ad73809bb249d7bb395,2025-11-05 20:50:59.000 UTC,ethereum
0x3f10184709c7f83a16f72db2018c3cecf37d6c82,2025-11-05 20:50:47.000 UTC,ethereum
0x53ed67bbdc9d8a3d4822bb5320f086074ab563a7,2025-11-05 20:50:35.000 UTC,ethereum
0xee392450c46c1ba074bab5cc675d8fa5ac4cc81e,2025-11-05 20:50:23.000 UTC,ethereum
0xe470a5c333daa8403d9547f5c0ccb5ce300b8dcf,2025-11-05 20:49:59.000 UTC,ethereum
0x26ed1d9f4b284145eb6cb28ec8dca7f0015c62a7,2025-11-04 21:42:47.000 UTC,ethereum
0xc847c27968724764cf716731e6e5f5fefa03e1c9,2025-11-04 16:06:47.000 UTC,ethereum
0x91d17f45bc31a4f8e7ae14383734f17533e581e2,2025-11-04 16:06:23.000 UTC,ethereum
0x581f1d3be741613796c68b3040e188a5e0bd00c2,2025-11-04 16:06:11.000 UTC,ethereum
0x90cd02a5cca086f7fd8dbdd86e1ba0189a50b40f,2025-11-03 22:35:23.000 UTC,ethereum
0x23baa3ad509c575cc1a13773428f9653e1b2397a,2025-11-03 22:34:59.000 UTC,ethereum
0x7d01ef362822856c1e1d094f6a4b0c1b08256a85,2025-11-03 22:34:47.000 UTC,ethereum
0xea273e95b46fbf6695fea0813e8530f7724c3f36,2025-11-03 22:34:35.000 UTC,ethereum
0xeb056c8874695798352ce74976f788b9846cd045,2025-10-31 21:53:23.000 UTC,ethereum
0xa99e15a0b3c50bf75ce688f2213f1972c60eb5b8,2025-10-31 21:52:59.000 UTC,ethereum
0x583dfffbabc9fb1994d324748699d62d992dd3e4,2025-10-30 23:03:47.000 UTC,ethereum
0x394b7820d856433578c7be7cfb775cff942689bd,2025-10-30 23:03:47.000 UTC,ethereum
0x70db3dacb5db55d24215be8f77e3cebe82fa5c99,2025-10-30 23:03:35.000 UTC,ethereum
0xf4b25e25dfd904e7f04e089d9831d0da4e5f09ed,2025-10-30 23:03:23.000 UTC,ethereum
0xbaea957390e503f60b3db0ebea9bfd5a4fab9435,2025-10-30 23:03:11.000 UTC,ethereum
0x2a977b2a3c1296dc7d00838ad522f3051a02804d,2025-10-30 23:02:59.000 UTC,ethereum
0x14ad3f15779766307a8743ef45dda92871bdeeca,2025-10-30 23:02:47.000 UTC,ethereum
0xdf0675e74db5beb006846c4dc4c7f23e8bcea890,2025-10-30 23:02:47.000 UTC,ethereum
0x7e85d72aa6da1dd91a4c38180ac3686bcb006754,2025-10-30 23:02:47.000 UTC,ethereum
0x9a1fb45deadd3bd8bb5c9e7bb20a67942cd40f7c,2025-10-30 23:02:47.000 UTC,ethereum
0x07bcd67cefdd8b7062006a67fca954d38cef5a25,2025-10-30 23:02:11.000 UTC,ethereum
0x7a15afff7a3cafefb3fe80e5f4c4028d68c2fadf,2025-10-30 23:01:59.000 UTC,ethereum
0xf3bfc88b752cfc435fcda87fb4119e80dadba3eb,2025-10-30 23:01:47.000 UTC,ethereum
0x98f11df3f5275e205731787e8556bc4925715f0f,2025-10-30 23:01:35.000 UTC,ethereum
0xa447766dc12ff3ea21c4772b42fbb6d8b6245024,2025-10-30 23:01:23.000 UTC,ethereum
0x7896be22e9d71a9b9caf4226145d1670dacafeec,2025-10-30 23:01:11.000 UTC,ethereum
0xf946a9c1ae8370c568a3eb94a863e797f1b7563f,2025-10-30 23:00:59.000 UTC,ethereum
0x3881add1ede17d0eed41b728f1afbb49067d7ed9,2025-10-30 23:00:35.000 UTC,ethereum
0xe779240e80ab513675b318baf8a9554808eb5acb,2025-10-30 22:59:59.000 UTC,ethereum
0x6dc90d5c6e320f6b675274ae0ea4df2feffa7ce2,2025-10-30 05:24:11.000 UTC,ethereum
0xaed14bbd05671d8dbc14cab8fa48983543d84c07,2025-10-30 05:23:35.000 UTC,ethereum
0x2fdc3bc3d7be3bfc17c0fe21cbff7ce9464fb325,2025-10-30 05:23:23.000 UTC,ethereum
0x2df502f71becc8c432a7074d619ae32104e3e3be,2025-10-28 20:21:35.000 UTC,ethereum
0x5924adf5919f7c27f323fbc88cbc35563779006e,2025-10-27 17:12:23.000 UTC,ethereum
0x61da9186f1e52cc5fa4e992e0a2ff0bdcf257f27,2025-10-24 21:27:11.000 UTC,ethereum
0x984e052bc3ab1acd1dfa6946dab7d41a58f325d9,2025-10-24 21:26:47.000 UTC,ethereum
0x51b79c041ced15fa66c02719625cba0787b8fc3e,2025-10-24 21:26:23.000 UTC,ethereum
0x1b1a95f775527a7bd490ae5e4af367f3c6ac554e,2025-10-24 21:26:11.000 UTC,ethereum
0x5ac70f2e1f5b97d9cfe46ee2623dfa5824f8a780,2025-10-23 21:23:23.000 UTC,ethereum
0x0f1cf1ee1ee08a0c29668867360b72ef82ba442f,2025-10-23 21:23:11.000 UTC,ethereum
0x1210598bb22137648127e351ca1ff1fc1c8d9451,2025-10-21 19:44:35.000 UTC,ethereum
0xbea20a10a25baefd05a0995fa2eba86f20163acc,2025-10-21 19:43:35.000 UTC,ethereum
0xe8d193f0b6bb35ecd1b20bb843d87333a772245a,2025-10-21 19:43:23.000 UTC,ethereum
0x7add00966a64ba6e741ac5718c198c2d8bd3cda8,2025-10-21 19:43:11.000 UTC,ethereum
0x40bd23247911dcc8f632f1efba4bd676b9ddfde4,2025-10-20 12:23:47.000 UTC,ethereum
0xe15e00fc897eca729b3eef411b2c4526d5a1023a,2025-10-20 12:22:47.000 UTC,ethereum
0x1b10b7429f370694c35b645d237edef26313972b,2025-10-20 12:22:35.000 UTC,ethereum
0x38517d94046bd3678e3a753822c81ca69eb9972c,2025-10-19 10:03:11.000 UTC,ethereum
0x9702230a8ea53601f5cd2dc00fdbc13d4df4a8c7,2025-10-19 10:02:59.000 UTC,ethereum
0xeafc14e2af750ff52c13349f13fa3a1bf9061497,2025-10-19 10:02:59.000 UTC,ethereum
0xbb51228c37be8868fb4ddaf402bbbdaf5f46d038,2025-10-19 10:02:59.000 UTC,ethereum
0x5247136e1fe6a86b9cddce7c97dbe6c930e67aeb,2025-10-19 10:02:59.000 UTC,ethereum
0x3d1509a83fa64729ff23a824309df91360ba926f,2025-10-19 10:02:47.000 UTC,ethereum
0xae05eb856cb28c156d9722094f5eefd5693bc181,2025-10-17 14:36:59.000 UTC,ethereum
0xd599ac04a1c786972b81e0fef6fb0c3e7b52f8a7,2025-10-17 14:36:35.000 UTC,ethereum
0x97915f7decbec83814afe9d6bfc773431942acc4,2025-10-16 13:41:35.000 UTC,ethereum
0xfef2a9e08d92fb348485219ddb5322fe24960477,2025-10-16 13:41:23.000 UTC,ethereum
0xecbd85e318e83f0358b404b41fb73daaacbeb59e,2025-10-16 13:41:23.000 UTC,ethereum
0x6d1063727fcecf388d6725c8fa3af62f3ce4f854,2025-10-14 20:23:35.000 UTC,ethereum
0x2a202bfce26f1d6c4c8c36f33ff48bd80afbb890,2025-10-14 20:23:11.000 UTC,ethereum
0x87f99c2cdc177a503993f209605206e0b8986977,2025-10-14 20:22:59.000 UTC,ethereum
0xe6dec5b4790f432e16004aa0cb1df19c9bf12b2d,2025-10-13 20:29:11.000 UTC,ethereum
0xcbe92880a33ce57ffcf286b391e8d80d5a388cba,2025-10-13 20:28:59.000 UTC,ethereum
0x3fd82af5a74c621ba531d92628faf395eb4db170,2025-10-10 13:33:11.000 UTC,ethereum
0x9bf02d6d82fe56ef29bf4a608719ce4052010ce7,2025-10-09 19:58:23.000 UTC,ethereum
0xcc8cf26bf7cf32b4c69f8c5a9b8beab01e0e1faa,2025-10-09 19:58:11.000 UTC,ethereum
0xb48a8fd4356f0d9dd023b3829d9d06b45b0cdd8c,2025-10-09 19:58:11.000 UTC,ethereum
0xb5a027fd7959a38bb5398430df957fbe43ef600d,2025-10-09 17:21:35.000 UTC,ethereum
0x4c248143cc00a19a204716576cc2b4b9823ee7be,2025-10-09 17:21:11.000 UTC,ethereum
0x64b200346d3b79b7a48e06a943c983e4fc1ef3c0,2025-10-09 17:21:11.000 UTC,ethereum
0x0cb7d2677277b18f080fc2ad97f5fa9f3d7a3232,2025-10-08 20:06:35.000 UTC,ethereum
0xbee02b40e4016f5b46c76b450ac78f6706ffe9ed,2025-10-08 20:06:23.000 UTC,ethereum
0x32487a63c67af6c823eb92b63131388014b08ec3,2025-10-08 16:16:35.000 UTC,ethereum
0x46772868025dff7ada4e19a4e332588cc939da67,2025-10-08 16:16:23.000 UTC,ethereum
0x4e691d92c4615d7cfe927762b657e06422e6b709,2025-10-08 16:16:11.000 UTC,ethereum
0xab9a22fc412a332079951319622610462816a668,2025-10-07 14:32:59.000 UTC,ethereum
0xe3896c1324fbf4a0786740ed8fdbce6585dcddf4,2025-10-07 14:32:47.000 UTC,ethereum
0x2c3634ec64a0585cbed91aa1472b04c219aec89f,2025-10-07 14:30:59.000 UTC,ethereum
0xa5f91d5c5427dcc5b2dff99e7392e87d2a4b51c3,2025-10-07 14:30:35.000 UTC,ethereum
0xd9d70e54d0b23b229fc051c9d5cc8eafb128973e,2025-10-07 04:57:11.000 UTC,ethereum
0xf92c96854479b03c2b8fea660493020103d25e31,2025-10-07 04:56:59.000 UTC,ethereum
0xc843201342e86da03ee1a5b982c5827312f76765,2025-10-06 14:35:11.000 UTC,ethereum
0x94abfaa558e3bef6d1336474e815f2635c852559,2025-10-05 10:03:11.000 UTC,ethereum
0xb886d7d39d05663af7e2779e9848c3794a722323,2025-10-05 10:02:59.000 UTC,ethereum
0xb96ca47c8a67dc9ae12254f03810fe8bbbe7c116,2025-10-05 10:02:35.000 UTC,ethereum
0x4c7fe16d85dc0e1c2f68ded823e7127b35c4e694,2025-10-02 15:50:11.000 UTC,ethereum
0xecd0954b88bd8af038ff50211af2dc167ee5fd87,2025-10-02 15:50:11.000 UTC,ethereum
0xa757edecfbb6f5fda7d35ff018c7aca8e465c6da,2025-10-01 16:17:11.000 UTC,ethereum
0x84f9a83b58f11e16e119454ac02afae17666de06,2025-10-01 16:16:59.000 UTC,ethereum
0xa9a7f92628d791f8af7e7ac2b64071fdbaa975d5,2025-10-01 16:16:59.000 UTC,ethereum
0xf162fe4c1d1fe7d31a6c399f8c9381a4c651e791,2025-10-01 00:05:23.000 UTC,ethereum
0x0984737eab3e03774af54fc4f6fd9c3d5a2acd86,2025-10-01 00:05:23.000 UTC,ethereum
0x9d59e088204f5758e0a2580296ed824ac5b1e910,2025-10-01 00:05:23.000 UTC,ethereum
0xbcf40339af98fc637c6fb6c52b718ebb98737a65,2025-10-01 00:05:23.000 UTC,ethereum
0x96c801d317a39946ab1d351725e94cec0e0ffc67,2025-10-01 00:04:59.000 UTC,ethereum
0x3b5480b0f5faf66ce4cf876a116f94010fb2098f,2025-10-01 00:04:47.000 UTC,ethereum
0xc28e6d01658fe2b7f2ba0bb19341e60382744571,2025-09-30 15:46:11.000 UTC,ethereum
0x4db8dc124302285674510e440f1822d51167c1d3,2025-09-30 15:45:59.000 UTC,ethereum
0x60a8f9b6115564d280a58e6f5ef6e5b66f9add77,2025-09-30 15:45:47.000 UTC,ethereum
0x5f64d5710a58af5688054b026c562ec8136a875f,2025-09-27 13:20:47.000 UTC,ethereum
0x0e3468cdeba49959367ea7780521046c4068adc1,2025-09-26 14:22:11.000 UTC,ethereum
0xbcb13edf0e7d9dbed724dcc7f9cab66db7c3e685,2025-09-26 09:18:23.000 UTC,ethereum
0x5bb96f6cefa7660589b9374a410b4bcd492bbcdc,2025-09-26 09:18:11.000 UTC,ethereum
0x54502f5760ca4e46cae8365871a95498c0ffae62,2025-09-26 09:17:59.000 UTC,ethereum
0x61176ec17c014516eecd889b0262e5582558a0a8,2025-09-26 09:17:47.000 UTC,ethereum
0x59597e67e1e8186119b3e5923f197b505f7db336,2025-09-26 09:17:35.000 UTC,ethereum
0x1e4b88304ef6e3df0395aa464d8d6c045e4b9296,2025-09-26 09:17:23.000 UTC,ethereum
0x698a1e6500a4f26b3d5259378dadf841c31184d2,2025-09-25 09:38:47.000 UTC,ethereum
0x56963398a6a6a8ab89ea4a10415f4561f4c0ed7c,2025-09-24 13:55:59.000 UTC,ethereum
0xe4fac553502745c3d5a6558304deccaa05014583,2025-09-24 09:04:11.000 UTC,ethereum
0x4e67f8ec639c06e4bd5faba4c7a71cd0ac03afc6,2025-09-23 13:37:59.000 UTC,ethereum
0xd7d26b82b52537e4d5a000b4aa7c4f9c339339f4,2025-09-23 13:37:35.000 UTC,ethereum
0xd8c6495b46b8be95e119ad9baac83165b7d07a07,2025-09-19 20:25:47.000 UTC,ethereum
0x6bc15bdf15fa2fe095e4e5ca5377425ea7e3ccf6,2025-09-17 18:49:11.000 UTC,ethereum
0x532b77b33a040587e9fd1800088225f99b8b0e8a,2025-09-16 15:33:47.000 UTC,ethereum
0xdb2720ebad55399117ddb4c4a4afd9a4ccada8fe,2025-09-16 15:33:35.000 UTC,ethereum
0xe3d35f68383732649669aa990832e017340dbca5,2025-09-16 15:33:11.000 UTC,ethereum
0xe52fa50e13937aa8f3ffb37d9be761e1c65d6f72,2025-09-15 13:50:47.000 UTC,ethereum
0x9fb91735f9f1545761220c33f5b32e11555000bb,2025-09-11 15:52:11.000 UTC,ethereum
0xaf401da0e995f397ef4cc7baa1f5b502a20dc505,2025-09-11 15:51:35.000 UTC,ethereum
0x0bdc9d29b6f86cf84cfd3c453b3b4d1e4da8c7f5,2025-09-11 02:47:47.000 UTC,ethereum
0x7bf7f0131e183c859fa8128eb6abecb5d35af51d,2025-09-10 20:33:35.000 UTC,ethereum
0xa134fb9265d3589b19358a21d3f3c94bf1b152d1,2025-09-10 20:33:35.000 UTC,ethereum
0x9bec45e81acc4e18a5419e180d00ab8408282e7f,2025-09-09 15:47:47.000 UTC,ethereum
0xf44e8e3efaba2648a16afc5f896c4bbdcd8601d5,2025-09-08 17:05:59.000 UTC,ethereum
0x2ac2dd6be21282196ff8681217a1d10874344c34,2025-09-08 17:05:47.000 UTC,ethereum
0x27fccb938f9c774a5440a66edc7527f5625c1110,2025-09-08 17:05:35.000 UTC,ethereum
0x61d00452989dd94cc5e2093bf5f9b0a5e97191c7,2025-09-05 19:19:35.000 UTC,ethereum
0xc0790b3cafd2ea592a214c1f60b9cad54f632ca0,2025-09-05 19:19:23.000 UTC,ethereum
0xf748ee465e09cd8db47a271300b1a809d36dd9ed,2025-09-05 19:15:35.000 UTC,ethereum
0xb39ef6ea3cde54002fe3bf275345b45dd83fe52d,2025-09-05 19:15:23.000 UTC,ethereum
0x1863828d739f345b0a46ea020e1ed9775416ede2,2025-09-05 19:14:47.000 UTC,ethereum
0x565d395bdc2b6f4a4dc506c2158c3f8d21b81f18,2025-09-04 15:14:35.000 UTC,ethereum
0xc581ceb66ff53aeb976eae7469a9eb72424a4365,2025-09-04 15:14:35.000 UTC,ethereum
0x1fa0dc00a9a8634b7d13dd7eceb782e4c58a2af5,2025-09-04 15:14:35.000 UTC,ethereum
0xd9f150c7d0749213e59e786e1b366a9d85c1e1e6,2025-09-04 15:14:35.000 UTC,ethereum
0x5e29800be4fb7ac85a13b2b9a50d03be7ef4aceb,2025-09-04 02:13:11.000 UTC,ethereum
0x057fc4dbf53dce98aa9b80b1cd4d72b8158d18b7,2025-09-04 02:13:11.000 UTC,ethereum
0x98e8e338146910a79edc6ece07aa2338b5bc289f,2025-09-04 02:12:59.000 UTC,ethereum
0x8789a7fc231e506aa8e4a136047a0d1c45e59faf,2025-09-04 02:12:47.000 UTC,ethereum
0x0847fd9233f1d7b6a34b3e46d2de319f613bb37c,2025-09-04 02:12:47.000 UTC,ethereum
0xe6b13cef9552db99ac25b5d45e59db7cd77534c8,2025-09-04 02:12:35.000 UTC,ethereum
0xd6d6d52df500fd63bc14efd151c4786b3e635aaf,2025-09-04 02:12:23.000 UTC,ethereum
0x3eb3e094389cd8c983305ae1e31a90fd5cc3b8a4,2025-09-04 02:12:23.000 UTC,ethereum
0xbf8f0c712fce239d41a98d890eacb15b1519535c,2025-09-04 02:12:11.000 UTC,ethereum
0xb5f9ccc51b5387c2f97ce19b17346abb20499794,2025-09-04 02:12:11.000 UTC,ethereum
0xf4323d1d43ebab958f7fdb6cead43aad9d92ea83,2025-09-01 13:37:47.000 UTC,ethereum
0x476047b7ea94e560555b98f850dd3a085375b9d2,2025-09-01 13:37:23.000 UTC,ethereum
0x95aa9d6c220ba5b1815c8aefc67e3910df69d388,2025-09-01 13:37:11.000 UTC,ethereum
0x73b841abf3e79b5936c4df46d5e5e704a08cac4d,2025-09-01 13:36:59.000 UTC,ethereum
0xc5a129e073373f7cab59ff330ff0854716a4d412,2025-08-29 14:35:59.000 UTC,ethereum
0x093634ed0125826648c340d9da5c9e7b33d15494,2025-08-28 19:25:47.000 UTC,ethereum
0x333feb3bf8ac079afa0977b20100ca2d5bfb97dc,2025-08-27 15:31:23.000 UTC,ethereum
0xa63d2a532ca58bee0bb09f12c8fb2b77a2df09a2,2025-08-26 13:33:47.000 UTC,ethereum
0xb1555cc16c901d15ff568f36c3ddd3761fab6ade,2025-08-26 13:31:11.000 UTC,ethereum
0x077a003f0949d809a6c3ab94cc1696463f35c165,2025-08-26 13:30:47.000 UTC,ethereum
0x8d298f7c114deb1972d5e0aebb82600b2418d88f,2025-08-26 13:30:23.000 UTC,ethereum
0x5c6f81af2765a35f6882196058e76c9964805bcf,2025-08-26 02:12:47.000 UTC,ethereum
0x287528d956aad3c316499f38755ac451cdcb158a,2025-08-20 21:36:59.000 UTC,ethereum
0x7b96ad4e0098ccabf1357a1951032c8e8295a09f,2025-08-19 16:01:35.000 UTC,ethereum
0xb25d20c752c6f9337569e76e71be552170e0f180,2025-08-19 16:01:23.000 UTC,ethereum
0x0a4450d1ead6839f3e9114943dba5e8d3a75bf94,2025-08-19 16:01:11.000 UTC,ethereum
0x51dc0d08a01ce128897b200bc47639ffaa9ca8d5,2025-08-18 16:29:59.000 UTC,ethereum
0xb39c7b287c6a18f953a6bc0946492576df89e957,2025-08-18 16:29:47.000 UTC,ethereum
0x9c60a6d1d893341c6861aeb966891adf176f9693,2025-08-18 16:29:47.000 UTC,ethereum
0x84e6837653c0632f7bd56af81042df7af220c566,2025-08-15 21:33:23.000 UTC,ethereum
0xb3eb0e4a6931f2c9fc2e586bfd7f083bcb607484,2025-08-15 21:32:59.000 UTC,ethereum
0x004cc291e04c83e63c818a8189fb3a53f0e1d48f,2025-08-15 07:45:35.000 UTC,ethereum
0x42bb168d6c042b68709b2142243c0e205fdd1b8d,2025-08-14 21:18:47.000 UTC,ethereum
0x7ced75026204ac29c34bea98905d4c949f27361e,2025-08-14 21:17:59.000 UTC,ethereum
0x57ec89a0c056163a0314e413320f9b3abe761259,2025-08-14 21:17:47.000 UTC,ethereum
0xb338962b92cd818d6aef0a32a9ecd01212a71f33,2025-08-14 21:17:35.000 UTC,ethereum
0xf4377eda661e04b6dda78969796ed31658d602d4,2025-08-14 21:17:23.000 UTC,ethereum
0x8dce2aac0de82bdcaf6b4373b79f94331b8e4995,2025-08-14 21:17:23.000 UTC,ethereum
0x12de548f79a50d2bd05481c8515c1ef5183666a9,2025-08-14 21:17:11.000 UTC,ethereum
0xab5bbffcf978ff6fb21399718de91db253972259,2025-08-14 14:51:23.000 UTC,ethereum
0xa1c9222fae5a2b2d84ba9c22143e4df94062966e,2025-08-14 14:51:11.000 UTC,ethereum
0x5f784ebc4ab697206bfc8df42eafb73fdda39a44,2025-08-14 14:47:35.000 UTC,ethereum
0x0a45218ca01158276baef8d131817d43c44dd00f,2025-08-14 14:47:23.000 UTC,ethereum
0x8f859ec8c09d6570f6ec76e525f65f956d7dc103,2025-08-12 18:35:35.000 UTC,ethereum
0x61de67699be4a07304a38f35a68ed870221ced32,2025-08-11 13:56:11.000 UTC,ethereum
0xe890a961e17a1f63130ef309fcfa5217a72012ad,2025-08-11 13:55:47.000 UTC,ethereum
0x1ea3eb07180e408d2742821aa7d94f6c06064fcd,2025-08-09 10:01:11.000 UTC,ethereum
0x74d3cd5ed77781f04405b5f11458a062bc4123c3,2025-08-07 11:48:11.000 UTC,ethereum
0xfb156f24f1c0e36095edc66523f8edb563da991a,2025-08-07 11:47:59.000 UTC,ethereum
0x0d741ad4ba4801faae3947005af557abb08b7cb1,2025-08-07 11:47:47.000 UTC,ethereum
0xad404269d1e6f2d52957cb9e5a89abf3e7811380,2025-08-05 15:30:59.000 UTC,ethereum
0x9ac6ec1df4e6365ee9fa1964f5384fef7e2a0332,2025-08-05 15:30:59.000 UTC,ethereum
0x623d5a267930d1173400b9695ba5e1ad255ea17c,2025-08-05 15:30:47.000 UTC,ethereum
0x601162c13aa0da184828b8577b07ea6bb54212c7,2025-08-05 15:30:47.000 UTC,ethereum
0xd639ac7ace02c667394825e1c2772bce14306efd,2025-08-05 15:30:35.000 UTC,ethereum
0x634e8cb66a54ef4eed4566cc1f65579c60e8653c,2025-08-05 15:30:23.000 UTC,ethereum
0x324f99b1a09ad378d4b6372be7632105ddeeac56,2025-08-05 15:29:59.000 UTC,ethereum
0xc1b68434d0ef9a78e7f62e3b9850b70b3d0174bf,2025-08-04 20:31:11.000 UTC,ethereum
0x569c8f6c3be737134b2d33397de3a34c3644faae,2025-08-01 16:01:23.000 UTC,ethereum
0x9fea9a591a26153ef507f100c61a4884905f3a55,2025-08-01 07:31:59.000 UTC,ethereum
0x47d9b99b239aee283ba10d8d4d6c2269b22b5208,2025-08-01 07:31:47.000 UTC,ethereum
0x34859b9eaf1ded149b3e7a9445a2e1e670e74497,2025-07-31 22:12:11.000 UTC,ethereum
0x5253cf26459b71da2ac3152329f010f42058c284,2025-07-31 22:12:11.000 UTC,ethereum
0x64edd38d73f66384d379ab14f962c52b3ad5c510,2025-07-30 20:30:35.000 UTC,ethereum
0xd29ca88b5dc0127be9890374a4e6ca09ef1d707b,2025-07-29 20:26:59.000 UTC,ethereum
0xe15709bfb1b3c1bd8a29ffe87804bb6767308901,2025-07-29 20:00:35.000 UTC,ethereum
0xb74999968a77b4b5dbedc12f1b7ec0851934f93a,2025-07-29 19:44:11.000 UTC,ethereum
0x2c7d8cf41808eb92ac4fa31794955eff1dc4e85e,2025-07-29 19:42:23.000 UTC,ethereum
0xc0073e2b93a246f487840bac4169dea349e36dc3,2025-07-29 13:09:23.000 UTC,ethereum
0x1dd5d0257c31a25be532dc638784e53277aabcbb,2025-07-29 13:04:59.000 UTC,ethereum
0x1b7451dda804beb6a206145f77892f1c47667b78,2025-07-28 19:23:11.000 UTC,ethereum
0x34721eb6a2e117a14c4624510bb5d42a8f360325,2025-07-28 19:23:11.000 UTC,ethereum
0xe8ea3204c3a17ee8963f74a598e9a5e538712fc7,2025-07-28 19:23:11.000 UTC,ethereum
0x713246b11b61d14fb5dfad984f7a7c1383d57d73,2025-07-28 19:23:11.000 UTC,ethereum
0xffc99c05f09aaf22f380d6d531ebec0489751d70,2025-07-28 19:22:59.000 UTC,ethereum
0x4a0730993125a6fa22342d72c7ff34f86a2bd535,2025-07-28 19:22:59.000 UTC,ethereum
0x9aab7e69aad5a585fb5f2fd0fd2c5b1cba447eb5,2025-07-28 19:22:59.000 UTC,ethereum
0xf4e280b9f3d6db86d68c0df3bfcaf7b2912da243,2025-07-28 19:22:59.000 UTC,ethereum
0xd047bfd153789ccb872edbdc3e2021880c9e99f8,2025-07-28 19:22:59.000 UTC,ethereum
0x6bd6d4847a53001163c1973c4b492ec8d0cedcb0,2025-07-28 16:05:23.000 UTC,ethereum
0xeee19ee5a7fabdd2285fb3d3759ece40253cb0cd,2025-07-28 16:04:59.000 UTC,ethereum
0x05fee494a5cad110357786c7fd2d798d73e97d5a,2025-07-26 11:08:11.000 UTC,ethereum
0x910fae0636883234a435b00fb32a194cab00fc90,2025-07-26 11:08:11.000 UTC,ethereum
0x928b8864151ee6c1e057964460bf5c7addbca97f,2025-07-26 11:08:11.000 UTC,ethereum
0xf0cdd40fbc3d75d9325f3320fea3c9b0b379d8ec,2025-07-25 17:45:59.000 UTC,ethereum
0xc93c3dda0db55f3f517f758e485f0628879b19a8,2025-07-25 17:45:59.000 UTC,ethereum
0x1328b436875f7ebf7eb9886ca25d94d54545d85c,2025-07-25 17:45:59.000 UTC,ethereum
0xa90bd044d699136adc55e1f633001c29aa1df61f,2025-07-23 21:22:59.000 UTC,ethereum
0x47d736587dc0be5d1713311064a7c7b69146f5cd,2025-07-23 14:44:59.000 UTC,ethereum
0x78ac19094adc496be18e7147fff73a6e6e22c88b,2025-07-23 14:44:59.000 UTC,ethereum
0x26129c8c2ddb3d62e54d9e6bb591e786fe3ac195,2025-07-22 12:10:59.000 UTC,ethereum
0xcab3644bdeef0fdb41de86d386c967c5a31f172d,2025-07-22 12:10:59.000 UTC,ethereum
0x896def468062a99df96c50eceea601dd56bf74b7,2025-07-20 11:29:23.000 UTC,ethereum
0xbf00c0b054c4083a2c704a7e2a20611855e50d02,2025-07-20 11:29:23.000 UTC,ethereum
0x2d7c2140725e36cb52309d3f52b63e329fde900c,2025-07-20 11:22:23.000 UTC,ethereum
0x90fe603b1b2691b5798f46b53e6173557bde3ec1,2025-07-20 11:22:23.000 UTC,ethereum
0x63179c7bf99d67a7483a3d98bdf91ab78297e35d,2025-07-19 21:15:11.000 UTC,ethereum
0x4100dbff2dda958586fc661b1059e74f2c267385,2025-07-19 21:15:11.000 UTC,ethereum
0xef73dfe1d2b005280e9f7ef73b74c51dd59a90f3,2025-07-19 21:15:11.000 UTC,ethereum
0x18dfb193e6fc89764fccd9bf68477cc9183badcc,2025-07-19 21:15:11.000 UTC,ethereum
0x3cf29f9d275fd16d0337f28f502299dfb67b8893,2025-07-19 21:14:59.000 UTC,ethereum
0x5c01070476bc60861dbd40a1b0995f2e0c491880,2025-07-19 19:26:47.000 UTC,ethereum
0x2b8b9bd91d1381640e0eed5e5b7dd575539d1a14,2025-07-19 19:26:47.000 UTC,ethereum
0x2d72fc950de2fd4f662306b81f43d7fec6a2c970,2025-07-19 19:26:47.000 UTC,ethereum
0x24132c29a55a43b9766526410eb20eef5d8b5b27,2025-07-19 19:26:47.000 UTC,ethereum
0x9ba3e88e1949f848de3b5b9046a5346fb5a55b46,2025-07-18 15:46:59.000 UTC,ethereum
0xa055b6d9780d803b86bf54edf07aa7739cd7c04f,2025-07-18 15:46:47.000 UTC,ethereum
0x4621155a442bbaed90751676eb22b66420018e23,2025-07-18 15:46:47.000 UTC,ethereum
0x295662443ab88c3089975a3be19ba19726274da9,2025-07-18 15:46:47.000 UTC,ethereum
0xf16469bb18488b8c0759eca7bfd644fcf7ec399a,2025-07-17 14:55:47.000 UTC,ethereum
0xb69c39119941700f5c3d3f8e41f5e6cb0ed9d1c9,2025-07-17 13:03:47.000 UTC,ethereum
0x54cb97b4481e8c8d4df7bb5cabf28030093c249e,2025-07-17 13:03:47.000 UTC,ethereum
0x6a826ca940bcfd3e8edaa5ea8bdbc2feb1a32006,2025-07-15 21:17:47.000 UTC,ethereum
0xba6d9694b29ead6695bc08807da804df4c7ede46,2025-07-15 21:17:47.000 UTC,ethereum
0x076af116e34b6f1aa2d8006b36bc3ceb08fec01c,2025-07-15 17:34:23.000 UTC,ethereum
0xd70e6f80939ced089d01851ac754c7a0765518bf,2025-07-13 14:18:47.000 UTC,ethereum
0xfbfa2b0802de41d5c45142e1b8d3ba4d9438a5e6,2025-07-13 14:18:23.000 UTC,ethereum
0xed4d45c635aaffc93ebbda77e82a7bf97c1405bf,2025-07-13 14:18:23.000 UTC,ethereum
0x1ba6b29bc62ca0a2ffc0a8d83e9a67346e5a5fb7,2025-07-12 06:06:59.000 UTC,ethereum
0x1dea4f059299d2537d3a5c56d0d05b2eb865f42c,2025-07-12 06:06:59.000 UTC,ethereum
0xe059c791b885f03a40acb035a3d5ab373170e7f6,2025-07-12 06:06:59.000 UTC,ethereum
0x4cd625d4daefa931464ae41b3be0f1360e34d14b,2025-07-12 06:06:59.000 UTC,ethereum
0xe0c59af0a882938abf5dcc85b21245a1e57d8dc2,2025-07-12 06:06:47.000 UTC,ethereum
0x8b17b1cf48d0c85635cc8848345d0b6ac6b115a9,2025-07-12 06:06:47.000 UTC,ethereum
0x9aa55e032ab43b052884d20e96b37ba527080adc,2025-07-11 16:38:35.000 UTC,ethereum
0x3d945c59b6dcb87b3f5c2484abc9f3d0a9de0581,2025-07-08 21:07:59.000 UTC,ethereum
0x7ce7b36d296c664cd357f4cf264ebc4dc0477027,2025-07-08 21:05:47.000 UTC,ethereum
0x8f9620c9b4670beecdea9499f9dc7878f46cdf2a,2025-07-08 16:06:35.000 UTC,ethereum
0xa425fc16116b646de5261c8f994d60776bf83e7b,2025-07-08 13:19:35.000 UTC,ethereum
0x258df00ff88ca8f097fb889230ccd0fa8210ed8c,2025-07-07 19:04:35.000 UTC,ethereum
0x93e0d8a65a559e5102bbd5624b37e6140e15c237,2025-07-07 19:04:35.000 UTC,ethereum
0x983598fb25c991131c5e639f6a066ec9554049b4,2025-07-07 19:04:35.000 UTC,ethereum
0x4bac7c006255a612348d28e9141258319f8aa852,2025-07-07 19:04:35.000 UTC,ethereum
0xc3a566dc9905987992cbeb700c70ef2c423587a4,2025-07-07 19:04:35.000 UTC,ethereum
0x78257d4bdb56cc50e610e40ab4fdccb6f250a8b7,2025-07-07 19:04:11.000 UTC,ethereum
0x1a71aa746386955eae858fb2177e8e1448284448,2025-07-07 19:04:11.000 UTC,ethereum
0x594aac698825e5dcb526fcf8a1736561c78ba1a2,2025-07-07 19:04:11.000 UTC,ethereum
0xd239fee69495fb724199d61097d234f8b60db8cf,2025-07-07 19:04:11.000 UTC,ethereum
0xe2fb19b6d28afcba552e56147f45273c54384a3e,2025-07-07 19:04:11.000 UTC,ethereum
0xd35de4498a22fed34f4109c71f00d3c2ddd833c9,2025-07-07 19:03:59.000 UTC,ethereum
0xa9c54b177cd4f5b42336ae3ea265a55781beffb1,2025-07-07 19:03:59.000 UTC,ethereum
0x1b62ce03af3642b0485743846d728857bf7d781d,2025-07-07 19:03:59.000 UTC,ethereum
0x6d9a192a6e24f2d71b5bcc49b103ea5209f3677e,2025-07-07 12:59:23.000 UTC,ethereum
0x752ee434a826dde914fd150890bbc070a054ad7c,2025-07-03 18:26:23.000 UTC,ethereum
0xc900a7e746c404f155ee0d6a435a83a022c6e273,2025-07-03 18:26:11.000 UTC,ethereum
0x36696b1845b69329fe8dbb4cc2bd7e374f49efa2,2025-07-03 15:09:47.000 UTC,ethereum
0xe1724299cc4da9776a2c04723d9fd3d7c4afa27e,2025-07-03 12:55:47.000 UTC,ethereum
0xd4ccb3c7be642981d121e1138daf78bd6d394ac3,2025-07-03 12:51:47.000 UTC,ethereum
0xf27000acc9c95e8430226765cdaa4a9eacf1f246,2025-07-01 06:05:11.000 UTC,ethereum
0x7277a0ec704b5274fa1c192c7e588cd441a06e46,2025-07-01 06:05:11.000 UTC,ethereum
0xe8a727f76c555480b323bc3e0e5b6e174d14dfc6,2025-06-30 06:29:11.000 UTC,ethereum
0xc4d0858c861b09bddf11704018657df4b4fbbf21,2025-06-30 06:28:59.000 UTC,ethereum
0xe3740c1b2fcda407027e2c80906306604e5260e7,2025-06-30 06:28:59.000 UTC,ethereum
0x5ad59bc969beef5afc862ceb2e00f563bcd29ae6,2025-06-26 21:14:11.000 UTC,ethereum
0x0c774eb7679ed27f2c5c813f712c69b194ec1ee7,2025-06-26 07:46:23.000 UTC,ethereum
0xac67b321a3f622fa066416d356db14f5d6487fb8,2025-06-24 20:39:47.000 UTC,ethereum
0x6ccba033823be56f7331e898f417c94dd649e65c,2025-06-24 15:17:59.000 UTC,ethereum
0xa2f0ca49757ab611ce41f86f7cbb5924f71d5f4a,2025-06-24 15:17:59.000 UTC,ethereum
0xcae1f81f03c8b9f8d0fbe82a27b86f40f13a84d8,2025-06-23 08:34:47.000 UTC,ethereum
0x5923684828fc9493705fa9833cb6ece36bbd0bf4,2025-06-23 08:34:35.000 UTC,ethereum
0x3b14a130e5cf4a6793a58be3ff05d3ef876d7822,2025-06-23 08:34:35.000 UTC,ethereum
0xfaa05fcff501625acb7659b874461552696b60e9,2025-06-23 08:34:35.000 UTC,ethereum
0x53b9b72dc6f96eb4b54143b211b22e2548e4cf5c,2025-06-21 20:31:23.000 UTC,ethereum
0x79304976eb75c6a081bee57f3cf5c830f8d35e0a,2025-06-21 17:27:35.000 UTC,ethereum
0xa2457e6c61a5257b5dea870434c9d9626b947127,2025-06-21 17:27:35.000 UTC,ethereum
0x0517cfd32d8235522deca55bff454560ff3c6951,2025-06-10 20:29:59.000 UTC,ethereum
0x6d037cdedb6ce0f9828e0ee9527728c966c449cc,2025-06-05 23:14:47.000 UTC,ethereum
0x3b2324dc574dd7c025aece22209e50b40bf9c338,2025-06-05 23:14:47.000 UTC,ethereum
0x68fb290830d77b658de65cd5ab3414acfcb0aab7,2025-06-03 20:49:23.000 UTC,ethereum
0x9557a95e4e59b224d2af9592c4011f28778ba631,2025-06-03 14:22:59.000 UTC,ethereum
0xae2273f2a38dfde5925ae89ce3ada6b637a0519c,2025-05-31 13:56:47.000 UTC,ethereum
0x42d40a19bfb9d0d7aabf694fed138332af1312ac,2025-05-30 17:42:11.000 UTC,ethereum
0xd27f5390e842ab8a6803ad2ccac91220a936fed1,2025-05-30 15:53:35.000 UTC,ethereum
0xbe2598d7df3b56531316e56e7de21f4dc6d1373b,2025-05-30 15:53:35.000 UTC,ethereum
0xfd0c68c9b4a9c3e9c5f3dc365b730833146d0d2e,2025-05-29 22:15:59.000 UTC,ethereum
0x958713b08536ba87165002b167e3911787f083be,2025-05-29 22:15:59.000 UTC,ethereum
0xd5ed34b52ac4ab84d8fa8a231a3218bbf01ed510,2025-05-29 22:15:59.000 UTC,ethereum
0xc87cae5b870d260ba0dc61d8dbf67d3ede239587,2025-05-28 01:09:23.000 UTC,ethereum
0x9c68687b0e7ef5e15e0b25dd00501daf166465c3,2025-05-25 11:48:59.000 UTC,ethereum
0x0009413d525a716c2cc9ddd63626e80f9f9c038d,2025-05-25 11:48:59.000 UTC,ethereum
0xfa3ec87e67ccb4dad952a74df472aac75b669037,2025-05-25 11:48:59.000 UTC,ethereum
0x0520b0a951658db92b8a2dd9f146bb8223638740,2025-05-23 19:45:11.000 UTC,ethereum
0x3936dda199ddc4eb76239b20320aa742c85cfe78,2025-05-23 19:45:11.000 UTC,ethereum
0x274312c66944238b5d2a121189b3ffbc0c7b16de,2025-05-23 19:44:47.000 UTC,ethereum
0x189b88324fd1fffbe93d317b281e3ca033a2bd0d,2025-05-23 19:44:47.000 UTC,ethereum
0x8a8d2e55665efee86e135882ee4d16f144a8a92c,2025-05-23 12:09:11.000 UTC,ethereum
0x091acf01a0f2d07a22e3969266be77714477bd8b,2025-05-23 12:06:59.000 UTC,ethereum
0xa134700f29a767270d70295ce2421cce733d4c44,2025-05-23 12:06:59.000 UTC,ethereum
0x7621c52d926074fcce3f4e2476f4e418efca2387,2025-05-21 22:54:59.000 UTC,ethereum
0x728355da7f81fb80f23525d208321154de86949d,2025-05-21 22:54:59.000 UTC,ethereum
0x39296af2e64065d99aaf57e03ff4d80eb6368a5b,2025-05-21 14:02:35.000 UTC,ethereum
0x6716ec4eeb458c56e6707fb6e92b75940e91a144,2025-05-21 14:02:35.000 UTC,ethereum
0x7c03917d2895b14dab00cb084989824d280f96d1,2025-05-21 14:02:35.000 UTC,ethereum
0x644dff3edf8db585552b0fff5ae30acd17f375aa,2025-05-19 18:58:47.000 UTC,ethereum
0x01dbda159179e619b43efb974680d5b5e3833b2b,2025-05-16 20:48:35.000 UTC,ethereum
0x58a4d6b6f50b3e49a2af4a17f6d7c5b2d83c8201,2025-05-16 07:00:23.000 UTC,ethereum
0xd61adc090be48160f44265e4aee854951d8fad09,2025-05-16 07:00:23.000 UTC,ethereum
0xf17a3f9d6b7d296d1774914622f96578c71d7873,2025-05-14 17:13:35.000 UTC,ethereum
0xdbe5fde918b646c436dc4ef100499605367754cb,2025-05-12 20:38:23.000 UTC,ethereum
0x73cd55b6dbf09efb6b2743020cedd3f0751c3d1b,2025-05-11 06:37:35.000 UTC,ethereum
0x7ff9bbed32fb217aaa79c0e95b02fb2ccae07e13,2025-05-11 06:37:35.000 UTC,ethereum
0x8e6b5d4eb68829f95484715a7c429db5a4eee672,2025-05-11 06:37:35.000 UTC,ethereum
0x8b7eb22507671f441c9cab6be3fb0c3dfb03eab5,2025-05-11 06:37:23.000 UTC,ethereum
0x13ff95f4c2bd554835b80c795c5b0b8297666885,2025-05-11 06:37:23.000 UTC,ethereum
0x7b6a4e83aa602dd629e2e5518f37540b42c6975b,2025-05-11 06:37:23.000 UTC,ethereum
0x0950b773c38e9daba77918101e07622ac4e1db26,2025-05-11 06:37:23.000 UTC,ethereum
0x6a24cdc7858d912b3b30356b4dbb5a64270fbd76,2025-05-11 06:37:11.000 UTC,ethereum
0x59be4b92855cdf6e46c33e6a30959898a44705db,2025-05-11 06:37:11.000 UTC,ethereum
0x9def8559c00d290b8eae92b6df0cd9166bb3d918,2025-05-11 06:37:11.000 UTC,ethereum
0x278164bf35b2af84051a9daf2e711d8646c8450c,2025-05-09 22:54:47.000 UTC,ethereum
0x7d7755d9959f2fcf17d0a7406711ddf144682952,2025-05-09 22:54:47.000 UTC,ethereum
0x75b09e181a8bcfc4e05db22b673d92bc55fee150,2025-05-09 22:54:23.000 UTC,ethereum
0x5b9b32b0d01d9cc9f9027cc1e81e27569ad05b5d,2025-05-09 18:29:11.000 UTC,ethereum
0x6949027fc7973c3ad07b645edd2c126d924c5616,2025-05-09 18:29:11.000 UTC,ethereum
0xf51e5054ff80482d497cc93c0629b593fa7a0645,2025-05-08 22:22:59.000 UTC,ethereum
0x89330e83c8726f4e3f3da4ebe3fc27e0b1b3d119,2025-05-08 22:22:59.000 UTC,ethereum
0x94eda88abbb6f6abcafff433a14fcf71bcbe88e8,2025-05-08 22:22:59.000 UTC,ethereum
0xb04ea6423e9a45aaeae39557475365589286dc3e,2025-05-06 16:42:35.000 UTC,ethereum
0x05d6c2fe80b25dfb89df6799e30d802744832f8b,2025-05-06 16:42:35.000 UTC,ethereum
0x7821430612a15d0d67f3f125bdd2533864b2ddf6,2025-05-02 15:34:35.000 UTC,ethereum
0xf25e36595ce0dc0ea8cc58da2b7e89d2aba20a6e,2025-05-01 20:32:35.000 UTC,ethereum
0x39a62d1cbee5f86a01f14b6e6148d5ca0e018c66,2025-05-01 20:32:23.000 UTC,ethereum
0x4f87f64d1914c7032e4b40368b89b6c61e91a71c,2025-04-29 18:29:11.000 UTC,ethereum
0xa2c452534cfde741392f192c4733a57b583c34d7,2025-04-29 07:52:23.000 UTC,ethereum
0xd1d6f4dfa102c3559803a87b5362b3888ba9dce1,2025-04-25 17:09:47.000 UTC,ethereum
0x29452a5703cd3cb50e658d3c018acef1e57b7145,2025-04-25 14:07:35.000 UTC,ethereum
0xc11f51d942cb8be12e60b93b9f3d3dc5483843ea,2025-04-25 14:07:35.000 UTC,ethereum
0xbe4074433d0b369947f72ec09bb886038a9e26b5,2025-04-24 10:33:23.000 UTC,ethereum
0x0295737b7ac7a688f293ee6ee3640fdbf037920c,2025-04-24 07:21:47.000 UTC,ethereum
0x92abd0a749546e2bdb5898627514e921f01a0b60,2025-04-24 07:19:59.000 UTC,ethereum
0x2c642a5271244982a96a42fd62d9b57ee24177c5,2025-04-23 17:02:47.000 UTC,ethereum
0x3a515d2bc1924983245fe52a83ccbe5c470be484,2025-04-22 16:22:23.000 UTC,ethereum
0x8a6babc576e8abd7299dca35cccaeb3d134bdeb6,2025-04-22 16:22:23.000 UTC,ethereum
0xf65040b820014a90169e67194de711556d03fc4c,2025-04-22 16:22:23.000 UTC,ethereum
0x0e0e99fecff105c92b8fa3737ce28c5693b49512,2025-04-18 08:14:35.000 UTC,ethereum
0x14358cf97cd504da3d2c293fa68d1a69400180e1,2025-04-18 08:14:35.000 UTC,ethereum
0x6cb294e3c1a47c6776e7ae414492ae79cc3d79dc,2025-04-17 14:01:23.000 UTC,ethereum
0x27b37d0afc55f712ecb9c4ba14a87f456c709ed7,2025-04-17 14:01:23.000 UTC,ethereum
0x1a98833cb0f51b40d0616a70675e79f9a50e8d2b,2025-04-17 14:01:23.000 UTC,ethereum
0xca9b65bffef498a17b08e89ea3da190543d373b8,2025-04-17 06:47:11.000 UTC,ethereum
0xa1eb9dc48c9a9f6908a3fcf5e3be1a4b419ec53f,2025-04-17 06:47:11.000 UTC,ethereum
0x8412372a5d7af4aa5deeac5d94bc797052cfdf4c,2025-04-15 21:03:23.000 UTC,ethereum
0x1e22b0b33599e04a837fe9b761d710de5aeeb62f,2025-04-15 11:51:23.000 UTC,ethereum
0xbb6dbc469706edbd4d7e5970ad34c82a90feb559,2025-04-14 14:49:11.000 UTC,ethereum
0xd9a8c707e737a1e63c08024b1fa3caba649b3fe3,2025-04-14 14:47:47.000 UTC,ethereum
0x09cb8e0e43cfcc34650bea474ae14a6554b6396a,2025-04-14 14:47:47.000 UTC,ethereum
0x0859370171256a1c9ce4ffe511bea00e863bef35,2025-04-11 08:52:35.000 UTC,ethereum
0xaa0b167e3c851f25a1870bf81344582d7e4b2c64,2025-04-09 14:18:59.000 UTC,ethereum
0x27faac798dab9adcc30ca1e5a2d035adf9247f95,2025-04-09 14:18:59.000 UTC,ethereum
0x224fda0e3a6552d58dcc8bada08ca67b5dc1f826,2025-04-09 14:18:35.000 UTC,ethereum
0xe6a29da1e70b42e311994f9d1b881b400e3fa438,2025-04-04 22:40:11.000 UTC,ethereum
0x22afa2a1f0542bfd21738514e891b38de091c4a0,2025-04-04 22:39:47.000 UTC,ethereum
0xe1e13a8d3d5b1596dc8849ae35c9f410a4ab49d1,2025-04-04 22:39:47.000 UTC,ethereum
0xa6587f2626e48d66ae285ded11ffecbad07edd79,2025-04-01 01:29:47.000 UTC,ethereum
0x220c51384277739e10d9f5ac4f76582750fe3635,2025-04-01 01:29:47.000 UTC,ethereum
0xd5e878507a40bac49a0e7577c84668a1978c954b,2025-04-01 01:28:59.000 UTC,ethereum
0x68795f7da7ccfa7cb26155b6984d8742111a47d9,2025-03-28 20:27:35.000 UTC,ethereum
0xc71d58b1d9f7fb065213a34c93b1e700a6e0069f,2025-03-28 00:21:35.000 UTC,ethereum
0xbe10a20daf62e499d73b3e2009612a54ce4439ea,2025-03-27 12:46:11.000 UTC,ethereum
0x17eb5733ed0325fce5920d268045a927caf9655e,2025-03-26 16:07:35.000 UTC,ethereum
0x3cadc4144ccdc15891c1f6f77a09e5d341fcc01a,2025-03-25 15:13:11.000 UTC,ethereum
0xd3c7223cceb888620dd90141e543fb62e0dc7c7b,2025-03-25 08:27:59.000 UTC,ethereum
0x9850b28a826fc2a88504087eef7d965824c0e2e6,2025-03-22 07:52:23.000 UTC,ethereum
0xc8bd2fbfe0437f38394c5d504221fc01cc8df92a,2025-03-21 11:57:47.000 UTC,ethereum
0xe761bcec17380181d99ebcabd0d2a65b7ab64c6f,2025-03-21 11:57:47.000 UTC,ethereum
0x8f836b2122da07d8a20f71856e676f086c7c84b8,2025-03-21 11:57:35.000 UTC,ethereum
0xedcf79de5347a81d9329951ed78f6215cfb27b3c,2025-03-21 11:57:35.000 UTC,ethereum
0xcd69f8ec7d6b03e66bd13f2829cbc00a416420d6,2025-03-21 11:57:35.000 UTC,ethereum
0xcaca5575eb423183ba4b6ee3aa9fc2cb488aeeee,2025-03-18 17:25:11.000 UTC,ethereum
0xfd086bc7cd5c481dcc9c85ebe478a1c0b69fcbb9,2025-03-17 16:37:23.000 UTC,ethereum
0x94b008aa00579c1307b0ef2c499ad98a8ce58e58,2025-03-17 16:36:59.000 UTC,ethereum
0x82c9b5e5e3b4d4042e95381921ac2e272a5c2fa6,2025-03-17 16:36:47.000 UTC,ethereum
0xc5e6ceda11904b7c21591df5fea2b5f8d1687fea,2025-03-17 16:36:47.000 UTC,ethereum
0x09101f948aafd081a31d88a04c8e34812079a8f0,2025-03-17 16:36:47.000 UTC,ethereum
0x8e8bd01b5a9eb272cc3892a2e40e64a716aa2a40,2025-03-17 16:36:47.000 UTC,ethereum
0x8d59bca8183d6a75a1db4a5803c763fbbe08c6ab,2025-03-17 16:36:47.000 UTC,ethereum
0x272e055b5e6efe13097ade49bcbd5291da990c45,2025-03-17 16:36:47.000 UTC,ethereum
0xb220ed19d49cd4bb974b1e7d80d33dc6724a64c1,2025-03-15 23:07:23.000 UTC,ethereum
0x51fd633077046cd726332b595e3a8a25750ea9d5,2025-03-14 20:55:23.000 UTC,ethereum
0xe43233ceceb76b745cca1e242d1352a596626358,2025-03-14 20:55:23.000 UTC,ethereum
0x56f6fe92a1cd322ad01b2616bfb808db55f69d7a,2025-03-14 20:55:11.000 UTC,ethereum
0x8f553b4aa7223bc9b1e52fb6e9c6c5cffe0b9337,2025-03-14 20:54:47.000 UTC,ethereum
0x652d7f9edaaa8891be2de74ea568d70af823d89e,2025-03-14 03:07:23.000 UTC,ethereum
0x3abf9cf94bbb3f0c16e512ef515ce84e908f0516,2025-03-11 23:36:11.000 UTC,ethereum
0x36978e3f0daf93168a1f7ffd5f1c3f8804a70f63,2025-03-11 23:36:11.000 UTC,ethereum
0x38f2c464701f9fba24b878b33feef91c4108c5db,2025-03-07 17:44:35.000 UTC,ethereum
0x0bb3a3231232844753cbd4c7840587353d446268,2025-03-07 17:44:35.000 UTC,ethereum
0x6f4446aadbd1916a7f9cc9b88f6449a1c6177c08,2025-03-07 17:44:23.000 UTC,ethereum
0x998a3b25d37d58781863dac61ed11f0a2178bc19,2025-03-07 17:44:23.000 UTC,ethereum
0x480c437379e34dba27db7fbec6ee971990e1f3ae,2025-03-06 13:04:35.000 UTC,ethereum
0x126104f444ac5daef35439796049a0cbe9b1973d,2025-03-06 13:04:35.000 UTC,ethereum
0xd0c66ad3e0277a182833ecc051e4cc4aa723bd8e,2025-03-05 22:00:23.000 UTC,ethereum
0x94087a5d6156f3ec9f00900e34378543713015a7,2025-03-05 22:00:23.000 UTC,ethereum
0xa3e73034a583dffd0a17d4b01ada679d6de6bb39,2025-03-05 22:00:23.000 UTC,ethereum
0xa1aa49a68bc57ecf1f455eade17395933ab0f9cd,2025-03-05 22:00:11.000 UTC,ethereum
0xcb5de9175721050c5a5cffb6851af1b6dd081eaf,2025-03-05 22:00:11.000 UTC,ethereum
0xa93d78cacca9b56e48bc20524a117c7519d713b7,2025-03-05 22:00:11.000 UTC,ethereum
0xda59cf1c129e2b259d3fcb31f9b873ca9f6e3243,2025-03-05 17:16:11.000 UTC,ethereum
0xd1353f8d2366102cff9efeee24756b41035cfb97,2025-03-05 17:16:11.000 UTC,ethereum
0x614238dec03a4a3515c0d65e39d16e54b0261354,2025-03-05 17:15:59.000 UTC,ethereum
0xf97f84beecf74b5d61a5b5ffda541c9fad847662,2025-03-05 17:15:47.000 UTC,ethereum
0xe3a03672443cc48e9c5c0f667357734d4902551e,2025-03-04 21:13:59.000 UTC,ethereum
0x3ee372edf20782b16f8af94ec08e8d78ac00eb5c,2025-03-04 21:13:59.000 UTC,ethereum
0xbaa9c186a898c70fa70786aaf02f669f17ed327b,2025-03-04 21:13:59.000 UTC,ethereum
0x7a806d434bd721ce0e4a7726364558f7fc5f10fc,2025-03-04 18:08:47.000 UTC,ethereum
0xa9c71d9074b5a8c915cbc9078befdff0cb8e4480,2025-03-04 18:08:11.000 UTC,ethereum
0xe94f8337d6f739caa173bcb7fad2c11f89f5951b,2025-03-03 23:57:59.000 UTC,ethereum
0x40d66b4328c835d0e5ad4751469f15d9085f0d24,2025-03-03 23:57:59.000 UTC,ethereum
0xf34ef00a2183cd762542f2885c123129f7a561ba,2025-03-03 23:57:59.000 UTC,ethereum
0xc0488fb68d9094e37e6498e44069b3490a14d43f,2025-03-03 21:05:23.000 UTC,ethereum
0xd9d8b1d2337d6a63208e23019aa02cad369e1ff1,2025-03-03 21:05:23.000 UTC,ethereum
0x0c5bf6e284858d96d2fd6fb0d1b40347bfbeaea8,2025-03-03 21:05:23.000 UTC,ethereum
0xeb28ae1bc8b9ef953355f288c8a31d6d9f6d9b4f,2025-03-03 21:05:23.000 UTC,ethereum
0xcb33a016022dc4d025306927024c52598aa0a384,2025-03-03 21:04:35.000 UTC,ethereum
0x997300928a3592736ab87a31bc2c473c79bf46d0,2025-03-03 21:04:35.000 UTC,ethereum
0xf12757e7f375347a2dd27a25c772b97df64d8a17,2025-03-03 21:04:35.000 UTC,ethereum
0xb09323411bbc6a2e3b03c2f4017ec196748dd59c,2025-03-03 21:04:35.000 UTC,ethereum
0xf6a25fccf12320873555104465862f0d6e7d57d1,2025-03-03 21:04:23.000 UTC,ethereum
0x6614503a5a050c7d324731f57a35993e14c19e37,2025-03-03 21:04:23.000 UTC,ethereum
0xb271036d95b205a26bae5cb2d4eb922c000903a2,2025-03-03 21:04:23.000 UTC,ethereum
0xfb5031f0d057cdcd1b649bb40accfebf3608b9be,2025-02-28 21:55:23.000 UTC,ethereum
0xda2e12e94060720581994eec870f83d9c7200c2c,2025-02-28 13:29:47.000 UTC,ethereum
0xabcf6a9c759133f9013542b8dc9d3c8aa4533167,2025-02-26 20:55:59.000 UTC,ethereum
0x5dca0b1fb14fbb61de5d6e6e557bddcbc9dc7990,2025-02-26 08:22:11.000 UTC,ethereum
0xabad52d5be8b3c6eb9835073730fa85b35715dc3,2025-02-25 22:18:59.000 UTC,ethereum
0x002471b8a185f9980708d0eaec5b289714f56f8d,2025-02-25 20:42:47.000 UTC,ethereum
0xc2d752dbbca3afb94e4e55fee5b60af74d66d78c,2025-02-24 23:22:11.000 UTC,ethereum
0x20f2d465f12694e9bfd4d58c12fbb12240171df2,2025-02-22 14:11:35.000 UTC,ethereum
0x83d75c6de18bfcd5eb3c2c6e142462d146b1e2fa,2025-02-22 14:11:35.000 UTC,ethereum
0x3e1b373f18110bd7986b5cb6826300f5f3fd87b0,2025-02-22 14:11:23.000 UTC,ethereum
0x71df136cdfa1a1d8c09a1e5a011dc0256a057847,2025-02-21 09:31:59.000 UTC,ethereum
0xf6d3120f9283adeb8614e8bb127307bd198e6bda,2025-02-21 09:31:59.000 UTC,ethereum
0xf647546784908ddc73b1ffeddec7b440fcc9d2c8,2025-02-21 09:31:59.000 UTC,ethereum
0x620dff37e7b3f1a7969c5a678ababd77867bcb95,2025-02-21 09:31:59.000 UTC,ethereum
0x1bbafe088cf188cb42f8ebe6eeb24cc2278d38fd,2025-02-21 09:31:35.000 UTC,ethereum
0xffc14a56afaf8399d16c32fb0dee7d6540c2f2fe,2025-02-21 09:31:35.000 UTC,ethereum
0x9d663c1be97eca034bd1b0a1315e6dc40b3455e7,2025-02-21 09:31:23.000 UTC,ethereum
0x94f6f36c5e53999771b113ca5fb74e9ed7db2545,2025-02-18 15:39:23.000 UTC,ethereum
0x01e42e771c3b8c250a3c93281409d7212fb14676,2025-02-17 21:41:47.000 UTC,ethereum
0x034d916250bed28f22d994e114e0953aab2ebf3f,2025-02-12 15:52:59.000 UTC,ethereum
0xf322a3328f617b9f3d44a088373d1106b6c5e97e,2025-02-12 15:52:47.000 UTC,ethereum
0x369d0e90ba2a053f4bfc31ca43b9357c9cd08efe,2025-02-11 15:44:59.000 UTC,ethereum
0xf02243199809bda52e765c69dfab3190f3b39f85,2025-02-10 21:19:35.000 UTC,ethereum
0xf8ca95007c8b786d5f2b799607e13f95e794811e,2025-02-10 21:19:35.000 UTC,ethereum
0x355e1cf77e96a31c670e24ea54cedf1129ca7fcd,2025-02-10 18:54:47.000 UTC,ethereum
0x73a9f3b1443bf22fb11d7db59a5a9082b6d8c908,2025-02-10 18:54:47.000 UTC,ethereum
0x30e5fccd9ce4844c93f8106c3ef5415312dedf2c,2025-02-10 18:54:35.000 UTC,ethereum
0xe39ee9870251c37e53bd7213b96c70edbf01fe3f,2025-02-10 18:54:23.000 UTC,ethereum
0x16c751ce06bad336a65d44508e9b9e1b2012c710,2025-02-07 23:07:59.000 UTC,ethereum
0xbcb0f86720ae73cb46fdb2c2bac9221fecf1ec0c,2025-02-05 03:52:59.000 UTC,ethereum
0x105e020ae2779000c2d501b0fc84c91a60b5fa2c,2025-02-01 04:30:47.000 UTC,ethereum
0xeb4e346fcb92f3a9184e61395a8c491cc20d59d4,2025-02-01 04:30:47.000 UTC,ethereum
0xfc69975e7523f4f7c63bee60a8f9a98c0ad9a745,2025-02-01 04:30:23.000 UTC,ethereum
0xec70bd334d2177c014ae7aafead527412dbab5f8,2025-01-30 22:18:11.000 UTC,ethereum
0x4926889a6e354def48d5d83082e60b2674b224ce,2025-01-30 22:17:59.000 UTC,ethereum
0xeb0951ac1658a5528cddc712c5f158c6e20d4538,2025-01-28 23:06:35.000 UTC,ethereum
0xa2446a02814343218a1288f3d4fe7f01bc783760,2025-01-27 17:09:59.000 UTC,ethereum
0xc03a7c41b29d750afa0ef360dc37c2fe61cd1fdf,2025-01-27 17:09:47.000 UTC,ethereum
0x69406ea8be85c30581e32cdd95d437ac2fd47904,2025-01-27 17:09:47.000 UTC,ethereum
0xfaae1f70fb6e5571102fbee68fa960a51035fc20,2025-01-24 14:00:11.000 UTC,ethereum
0x47f78a978868501e5b10fd2218222d21698cb286,2025-01-24 03:50:35.000 UTC,ethereum
0x5954ba518eceaa8444e221a7b169397eb198a563,2025-01-23 14:39:35.000 UTC,ethereum
0x47a5c6d99024dcd12c734a66bd6bce6d61fc757c,2025-01-23 14:39:35.000 UTC,ethereum
0x81e83833f7b45bcefafdf15c288aedbb19d2f38c,2025-01-23 14:39:23.000 UTC,ethereum
0x5ee2574a7a2a1decacff18a81931d45fec6accfa,2025-01-23 14:39:23.000 UTC,ethereum
0xf2862493b48a7b64fe8981dd4954169c905fb7c4,2025-01-23 14:39:11.000 UTC,ethereum
0x192df786f90602dfc141ad9482d450d71eca5860,2025-01-22 22:54:11.000 UTC,ethereum
0x88d003bb2e5ca9418223816f50900ae3d4165fd7,2025-01-22 13:52:59.000 UTC,ethereum
0xa1fc3db9f4f380f7d219e8d70d702d6f7630d77f,2025-01-22 13:52:11.000 UTC,ethereum
0xf90e20d41e137594f56b753a02d1897bad504fa1,2025-01-21 22:52:47.000 UTC,ethereum
0x6e2c604a1d0256a79340037d8f948e566714db5f,2025-01-21 22:52:47.000 UTC,ethereum
0x3d680c7b8003154ab0d95c0ce2e4bcc9b75d9167,2025-01-21 22:52:47.000 UTC,ethereum
0x3562461c659ccb778c7c85bb98220f90f90dd1bf,2025-01-20 23:18:23.000 UTC,ethereum
0xce173dfc7b9853704491433084fca4b4357fa0f1,2025-01-20 23:18:11.000 UTC,ethereum
0xf58ba47a2f8d666073ae4c9d85e6a7224c58b575,2025-01-18 22:17:11.000 UTC,ethereum
0x532961b23a28a9e5a8b1769bdb3e8906fc7c7a01,2025-01-18 22:17:11.000 UTC,ethereum
0x39f3bc845a4f78d63d6995567f5ebeaaec9ba29c,2025-01-17 23:33:35.000 UTC,ethereum
0xfb9dd8788bb1af2838b7de4492c47a94dec551ae,2025-01-17 23:33:35.000 UTC,ethereum
0x5649ad8001070b3c501bd9877de5f44918086c7a,2025-01-17 23:33:35.000 UTC,ethereum
0x12e88be9e4de46b85b5d7ddd2830adb6f1d7f375,2025-01-17 23:33:35.000 UTC,ethereum
0xc721190538a516ee315548dbe185cd27e94423e0,2025-01-17 23:33:35.000 UTC,ethereum
0x6df9510c5237e0de785995c8cf908588f7bc5b86,2025-01-17 23:33:11.000 UTC,ethereum
0x1fc0cdc3cf9cef83136d5d0b61dfc239280c303d,2025-01-16 02:12:59.000 UTC,ethereum
0x5095617268d07772ef684ee0f81b399f0a386ec8,2025-01-16 02:12:35.000 UTC,ethereum
0x1298500214c99cc9c844c2d99d741b44a869e427,2025-01-16 02:12:35.000 UTC,ethereum
0x2bc05300f6f9221e7b5f77ace9de6c0ebc28e6d4,2025-01-16 02:12:35.000 UTC,ethereum
0xe36d7e24b030fbdb556f12a83bdc85a21afa3db3,2025-01-16 02:12:35.000 UTC,ethereum
0x41c3b8b5cfdd29de2941dae4a956cc9f057ac767,2025-01-16 02:12:23.000 UTC,ethereum
0x4cbeb09caa4dddde613cedfe2f73a92f07fc858f,2025-01-15 20:02:47.000 UTC,ethereum
0xf5902e7402da82d43b2464f1514c4125bac2cfd0,2025-01-15 20:02:47.000 UTC,ethereum
0x64c325d64f1b1342f1d17d74184138ef9639eb0c,2025-01-10 23:26:23.000 UTC,ethereum
0xbfe3f9a0f7de6ff6058d3123d545bbe594a5b67f,2025-01-10 23:26:11.000 UTC,ethereum
0x487f14c3b13db5d62283454e8a013920b3c054d3,2025-01-10 23:26:11.000 UTC,ethereum
0x821f82660abdc6a2ac1c3e2e9b2284656e17aa7a,2025-01-10 23:26:11.000 UTC,ethereum
0xd12aa1fa72814fcb0dfa08f8ee3836ec5043e2b8,2025-01-10 23:26:11.000 UTC,ethereum
0x94e9af736ac05cb8312ff21816a7b6dbf8d62816,2025-01-10 23:25:59.000 UTC,ethereum
0x07aa1b2472f178ff7c2640a5cb6a96c2fa0e69ce,2025-01-10 23:25:47.000 UTC,ethereum
0x07577277f25c31c5491f4124fdebacd3ff992984,2025-01-10 23:25:35.000 UTC,ethereum
0xcc551eaf344899152e021a033a5117184ce4e108,2025-01-10 23:25:23.000 UTC,ethereum
0x2dcdc30f3226286bbb2c5aec6ed1beac6ef5fb5d,2025-01-10 14:35:11.000 UTC,ethereum
0xecec07e601cebeb9c2503b4e91a01118ca3ceb9c,2025-01-08 23:39:59.000 UTC,ethereum
0x1a1f9260ba50c183620ed543c5f4712a0b87df36,2025-01-08 20:10:11.000 UTC,ethereum
0xb8170082763c0e6ded2c465e65446e26b5b45f30,2025-01-08 20:10:11.000 UTC,ethereum
0x478e8ed8d05fb1a2bbd8f5a2b9b127ab71865afc,2025-01-08 20:10:11.000 UTC,ethereum
0xe4e7438773c97d0970e738ecf14a1ab92b032927,2025-01-08 20:10:11.000 UTC,ethereum
0x8c9bd3a5641d043b65caae2cb358d914d6970883,2025-01-07 23:10:59.000 UTC,ethereum
0x98742385f4388c6573177cfa966ed5b7442afb91,2025-01-07 23:10:23.000 UTC,ethereum
0x857104a241e70ef134a05110c5af891547560bac,2025-01-07 23:10:23.000 UTC,ethereum
0xad9e40685786c1009cbbbdc2dd62f9ca9174b5ed,2025-01-07 17:07:11.000 UTC,ethereum
0x87d9cf48409bf2d75deef92d5e0c569e5d6b49be,2025-01-07 17:07:11.000 UTC,ethereum
0x24d17289cbf70a7b159599a29b4d2472bb96dfd7,2025-01-07 17:07:11.000 UTC,ethereum
0x69299c641f8c762bd52d7c6427b99d90d45f5c45,2025-01-07 17:07:11.000 UTC,ethereum
0x17cd0e17b9bff3daad334a8660d495255ef610d2,2025-01-07 17:07:11.000 UTC,ethereum
0xb5baed90ee210f1610e747c5239b9d310b6b9a85,2025-01-07 17:07:11.000 UTC,ethereum
0x9104e76f7b07e74ee457b9c326243b68b97ff89d,2025-01-07 17:07:11.000 UTC,ethereum
0x068ff8be950d65d34b8a6fe0d6920c04444dee48,2025-01-07 17:07:11.000 UTC,ethereum
0x0af64acc01c8854d8737eb0fdf8196c02242cbef,2025-01-07 17:07:11.000 UTC,ethereum
0xe13ccc6ecf921a4088887ca0e18e3db188d65136,2025-01-07 17:06:47.000 UTC,ethereum
0x737ce958710ded795692cf26edadfd094f1d9f32,2025-01-07 17:06:47.000 UTC,ethereum
0x3e1727e5840c85560d14249621fee1b1d667edb8,2025-01-07 17:06:47.000 UTC,ethereum
0xf6884976bb1af63f7f75c6b27111572367ef6f9f,2025-01-07 17:06:35.000 UTC,ethereum
0x9e9285a90ebebc87d04d092bbfa495d4295c9c12,2025-01-07 17:06:35.000 UTC,ethereum
0xe69ff88f702a04fd2c70f78c5d6bfb1c9858e2e9,2025-01-07 17:06:35.000 UTC,ethereum
0xca44101abe4c3215f94942ca707248c7aa40a4db,2025-01-07 17:06:23.000 UTC,ethereum
0x2ccf7932c5d0d16f7f12861b866a60e7699c6fb7,2025-01-06 18:15:47.000 UTC,ethereum
0xf0ba44010fda2d14f602c6ae564c6f9c57109069,2025-01-06 18:15:47.000 UTC,ethereum
0x1d1bb527d777500a29c23f72d65cf0118aed81c5,2025-01-03 15:52:35.000 UTC,ethereum
0x51ccb01107e649ce07158a18ef0791df288ca357,2025-01-03 15:52:11.000 UTC,ethereum
0xaf68a4fa31f807c8189f24ae5eeda2b7bc8b0f75,2024-12-31 14:00:47.000 UTC,ethereum
0xc7bdba7ffb126f68e8454cf5e7445d3695a58c52,2024-12-31 14:00:35.000 UTC,ethereum
0x262516d19daabbc9315e14e5e95868d35352efbe,2024-12-30 17:37:59.000 UTC,ethereum
0x7f232cb8247f11a60cb2be8f4d9d911a177ab3bd,2024-12-30 17:37:47.000 UTC,ethereum
0xac8e37ea151b6e5cd2dcefffc71da918568b8aa3,2024-12-30 17:37:47.000 UTC,ethereum
0xd2ab565e6636d2dab80e31b50613b493e2518412,2024-12-30 17:37:35.000 UTC,ethereum
0x68d50a883c79f78f81d9ff26e7de56b8aa2a92cb,2024-12-30 17:37:35.000 UTC,ethereum
0x4570816ff15a6f6bc1b2ca36857a44f5473be009,2024-12-30 17:37:23.000 UTC,ethereum
0x2b7555efa9793f24fe3a63cc1eca792095cb8c36,2024-12-24 22:37:47.000 UTC,ethereum
0xb085c31be9a4315f3b7165021ede616cac5201d7,2024-12-24 22:37:11.000 UTC,ethereum
0x88e6c440164b14756969be17ae0fb44470ba4d47,2024-12-24 22:36:59.000 UTC,ethereum
0xc5dfde6205f1b9a724e5d6ab2a3245f7ca908e56,2024-12-21 12:08:59.000 UTC,ethereum
0xb2ed95dce110270a75739b978b5b3bac8a611a35,2024-12-21 12:08:59.000 UTC,ethereum
0xbe4a6157b7e9447fb4f392f7a9d18e15b4c916a9,2024-12-20 23:23:11.000 UTC,ethereum
0xc1806be0f3b8d333bf91395db8a877bb5cbf5e95,2024-12-20 23:23:11.000 UTC,ethereum
0xd753a5427630952e9003c53aca80fec8e987beb1,2024-12-20 02:25:11.000 UTC,ethereum
0xcf49b02b75adba9f9b59867cf26e9c26ee58d2b3,2024-12-20 02:25:11.000 UTC,ethereum
0xe3d1143fccc957186b013fec87c492c31fb15e14,2024-12-20 02:25:11.000 UTC,ethereum
0xc559aa8c1f657b7df91862c18b99447913e792f3,2024-12-20 02:25:11.000 UTC,ethereum
0x745b0a99a563219c458a5b5c4504b690ef810731,2024-12-20 02:25:11.000 UTC,ethereum
0xfd44d46c3e785e10fdd1016c5ab28665e931c7c1,2024-12-19 11:29:59.000 UTC,ethereum
0xdaab0fe414e1deb64ff5c11b2e854547d603a2ba,2024-12-19 11:29:47.000 UTC,ethereum
0x6e204350fd0ad93706d4ab09fd4b47502652b607,2024-12-19 02:29:47.000 UTC,ethereum
0x00e679ba63b509182c349f5614f0a07cdd0ce0c5,2024-12-19 02:29:35.000 UTC,ethereum
0xa5b56f5f64f169cdb3ee635e12d53d9ccffa2fe0,2024-12-18 02:03:11.000 UTC,ethereum
0x46828cf3f878ba944600eda602bc7b8aaed9420c,2024-12-18 02:03:11.000 UTC,ethereum
0x20fa69de0980cc264c0871f1221d9389a95c337b,2024-12-16 17:34:47.000 UTC,ethereum
0xc2b59cc404f76a63cf3454a772cb19e210e97ec9,2024-12-16 17:34:35.000 UTC,ethereum
0xe0f6ef7742e3d39301cdc768e1d738b58bf10dbc,2024-12-12 15:17:11.000 UTC,ethereum
0x0e38b1affb6a8a008f1ea6622d8ff3f574503600,2024-12-12 15:17:11.000 UTC,ethereum
0xc07ea7c419000aca90baa28b10e7fbe202f80859,2024-12-12 15:11:59.000 UTC,ethereum
0x076ce1ebfd869bf3b8ddd4280b4a0fd200b0c9a3,2024-12-11 21:56:47.000 UTC,ethereum
0x3546c2d58137654e9b19e250b361b7c4c206a977,2024-12-09 21:59:47.000 UTC,ethereum
0xf5375c622842786e7efa222cb189feebf0600cce,2024-12-09 21:59:47.000 UTC,ethereum
0xac2936b10aa9ae3fc36c5c77718ce9bcdfb7a0b7,2024-12-09 21:59:35.000 UTC,ethereum
0x65956a0b879c719167b4339b82d28b9b94963368,2024-12-09 17:03:35.000 UTC,ethereum
0xa2d13c688951f2146935514235c1151d195a11a3,2024-12-09 17:03:11.000 UTC,ethereum
0x44b26d0c71384f77faec94d40a74f9e50917460d,2024-12-09 17:02:11.000 UTC,ethereum
0x966913c26ab93a856f4b2372ecf6ba46a76e2b57,2024-12-07 22:46:59.000 UTC,ethereum
0x4971a47493f3700a629c20ff5281ce568a4a9704,2024-12-06 20:27:11.000 UTC,ethereum
0xda0913b7b560f419619a1ce1e25c09427d0cef0b,2024-12-05 16:53:59.000 UTC,ethereum
0x88e3b4487b6131a0407fd437a93b810653ad23e6,2024-12-05 16:53:59.000 UTC,ethereum
0xf6533db35500417149110b49d758c2adc63ed63f,2024-12-05 16:53:23.000 UTC,ethereum
0x39816b333c7714e336139546af85fba52a422ddd,2024-12-05 16:53:11.000 UTC,ethereum
0x520bbe035b3a84cbb63b29d35c51ec7f4f8a0161,2024-12-05 16:53:11.000 UTC,ethereum
0x1999ef52700c34de7ec2b68a28aafb37db0c5ade,2024-12-04 17:01:23.000 UTC,ethereum
0xb015973cdc520fc8affcb3bd9bae3429d1036bcf,2024-11-29 14:31:11.000 UTC,ethereum
0x8237748c5dc455818c129242cdbd17ea22177f71,2024-11-29 14:21:47.000 UTC,ethereum
0x15b9ba14fdd7fa4885f8361a4f23826c8e7b05ef,2024-11-29 14:21:23.000 UTC,ethereum
0xdf22a5c33944dafa27d11799e62d8310b84bccba,2024-11-26 19:24:35.000 UTC,ethereum
0x617b4c0ef2388e7a893c8c47eb4b6d97a1657610,2024-11-26 19:23:59.000 UTC,ethereum
0xf88f8ec6b98cad9ce25c9c8fe1387b351f382b09,2024-11-25 16:21:11.000 UTC,ethereum
0x774e26f8fd4ce57eae599612a768709ff81e1d41,2024-11-25 16:20:59.000 UTC,ethereum
0xf8b7e31ec55ebe54a91795b6e2f866a83a60fe48,2024-11-25 16:19:59.000 UTC,ethereum
0x7401559a15be55c7688790cb420f4af071f45adf,2024-11-25 00:45:47.000 UTC,ethereum
0xbb217bd37c6bf76c6d9a50fefc21caa8e2f2e82e,2024-11-25 00:45:35.000 UTC,ethereum
0xff928ae4b20c0b9b2f02a4ed99832424991ba89b,2024-11-23 23:04:23.000 UTC,ethereum
0x18f5c3e7461a2dfc7fe4f90692d0ecf755ddaad8,2024-11-23 03:37:35.000 UTC,ethereum
0xf50f0d97a6677db9f2bdc45e024cd48219a06904,2024-11-23 03:37:11.000 UTC,ethereum
0x2efef1dd54c9a88b1268f3a9ea71f336d845df11,2024-11-23 03:36:47.000 UTC,ethereum
0xb13557924803cb5c4a4b951f07003d11fbd91e1e,2024-11-23 03:36:23.000 UTC,ethereum
0x12c07feedf6fb17d1cafecc6d3091f5326e87e52,2024-11-22 16:18:59.000 UTC,ethereum
0xe5bb157868a34ddc99da236d9003cef9d57a09af,2024-11-22 16:18:47.000 UTC,ethereum
0xa2b2320dbf5f1046942544b6b3db327d6d766f04,2024-11-22 16:18:47.000 UTC,ethereum
0x10caed9ab7cff3a121a518e509a940625d197a45,2024-11-22 16:18:23.000 UTC,ethereum
0x1c1638e485b79d73df3ec98bd0ec60eddd9fdd4e,2024-11-21 17:39:35.000 UTC,ethereum
0x366e2beef3635b644d4698e33ef557449abec8e7,2024-11-20 14:19:23.000 UTC,ethereum
0x66b37234b9cf5a7fbbda45076e70164962dc7c8d,2024-11-19 14:29:59.000 UTC,ethereum
0xa3ff79276c4bd9d73d44ae26944b8312794e9008,2024-11-18 12:49:11.000 UTC,ethereum
0x019d261481dc09bb3baa9687048d0f04b4d5158d,2024-11-18 12:48:59.000 UTC,ethereum
0xcd96572a4cc6c9ee99b2f6016da88bf1b137e32a,2024-11-15 23:28:35.000 UTC,ethereum
0x9798e11938ddf58f103410111c56da9d2f00b9c8,2024-11-13 23:47:59.000 UTC,ethereum
0x341bf3ca40fe2ee78d506bfaa593c4ac530eb0b1,2024-11-12 16:13:47.000 UTC,ethereum
0x01d05211e6a202c399961dc7398f8a26790b534b,2024-11-09 22:33:35.000 UTC,ethereum
0x263eaae2f645aa22b79c6e7d9bc8a34b30eead5e,2024-11-08 20:41:23.000 UTC,ethereum
0x5874fa981c592958b6ab231d5662456c5bf4429d,2024-11-08 20:40:59.000 UTC,ethereum
0x1621803272e4d87173048928ce2673e08ca65d16,2024-11-06 16:17:59.000 UTC,ethereum
0xc1230e52146410cd6481d9b80b4d5910a8c64511,2024-11-06 16:17:59.000 UTC,ethereum
0x6175c3093fbd6f979299c4714e3715cb1edb813a,2024-11-06 16:17:35.000 UTC,ethereum
0x8241df85bfc8279d8d8a2ae483488780a9402074,2024-11-04 22:39:35.000 UTC,ethereum
0x497cea51ac9bfc1ada8b17cfad2322c30c32d565,2024-11-04 22:38:59.000 UTC,ethereum
0x0fc554fd8aa57c5ffbce18245a1bb96fac0c7d30,2024-11-04 19:09:35.000 UTC,ethereum
0x13654a71552ce40ebfac0338897d18092f8e8697,2024-11-04 19:08:59.000 UTC,ethereum
0x5afaf8b6081eb1fe9beec6dcb01663fa1afb1a91,2024-11-04 19:07:23.000 UTC,ethereum
0x60f18b1f4522267e5e4ef19a8cf98b652e8022e1,2024-11-04 19:07:11.000 UTC,ethereum
0x3118b3755bc3a4a038663012e1fb0b0314f6cdff,2024-11-04 19:06:59.000 UTC,ethereum
0x5510bcfbdb65d512ad415b7e35d670f9b1e49376,2024-11-04 19:06:59.000 UTC,ethereum
0xeeffeea60a256348e338732e262a1cb6fa41f7d5,2024-11-04 19:06:35.000 UTC,ethereum
0xde0a5359a20a37de6fc42e0331ded17dcd16cc18,2024-10-31 22:28:35.000 UTC,ethereum
0x0990c288e4c518a3cd7ae9b4ed88a45718e1dacf,2024-10-31 22:28:23.000 UTC,ethereum
0xe5a1eaaf30197f24a59122f7ff689c223bc445d6,2024-10-31 22:28:11.000 UTC,ethereum
0x6e7d2bb56ea5ced0979b87bf1b54af4ca57d68b5,2024-10-31 22:27:35.000 UTC,ethereum
0xeeb09cdf164b4f215cbcc7b3b03204ed37b6d658,2024-10-31 22:26:59.000 UTC,ethereum
0x8c930c31ff4cd7a35ec9646aeb63e37411f30eaf,2024-10-31 22:26:47.000 UTC,ethereum
0x3ba1368b69dad3c639072bf9ecf00ce9e5658e07,2024-10-30 20:31:35.000 UTC,ethereum
0xa41f449fb21ecc8c5546705a40d13a3c1a15419c,2024-10-28 15:55:35.000 UTC,ethereum
0x6e70d5f0160ea2a560fbd3e3fe0cc95cb220c924,2024-10-28 15:55:35.000 UTC,ethereum
0xeddde8fe82a5685fe76862d92405a142dbf900eb,2024-10-28 15:55:23.000 UTC,ethereum
0xb7149f6fc26435748170b5eed9659844fe4984c4,2024-10-28 15:55:11.000 UTC,ethereum
0x250a603a4d9a955301fa00c98686af3455d2c61f,2024-10-28 15:54:59.000 UTC,ethereum
0x41fe1ae1599922a9b0cf911023607427ab5b9ad6,2024-10-28 15:54:47.000 UTC,ethereum
0xd78e2f84603fb4296d9ab62d0158fd7739662dc6,2024-10-28 15:54:35.000 UTC,ethereum
0x678a5b58993927a65db29e2206cf2b321afa2167,2024-10-28 15:53:59.000 UTC,ethereum
0xc1388267566bdc630b88316ed2715db36032347a,2024-10-28 15:53:11.000 UTC,ethereum
0xd0962edb9ac631a1f653cfd4cf51e54daf87c829,2024-10-28 15:52:47.000 UTC,ethereum
0xcab42f331f45938ba086e546255b8724b0cb0557,2024-10-28 15:52:23.000 UTC,ethereum
0x6ac8945d9f6ac773062dd4176330bdd9026535f7,2024-10-28 15:51:11.000 UTC,ethereum
0xfa898e9f698e3c1464a69c88c79d9824b7ad159a,2024-10-28 15:50:59.000 UTC,ethereum
0xdcaeef0f2892feb3477a86306dafd516fca5b648,2024-10-28 15:50:47.000 UTC,ethereum
0x7ffa91ac71d474ccdcb3a5bc75bc3d0f3e650537,2024-10-28 15:50:23.000 UTC,ethereum
0x9d754542ecaddda810df6be21e20faff035a1912,2024-10-28 15:50:23.000 UTC,ethereum
0x42aa2097a0a55a5883273808e573b2d9b176aec3,2024-10-28 15:49:59.000 UTC,ethereum
0x658bd8012c7946d9d221e10300df9a7656d11c7c,2024-10-28 15:49:47.000 UTC,ethereum
0x1d8a86a5d7d95431b59dff4d1b7f2056c651fc2e,2024-10-28 15:49:11.000 UTC,ethereum
0x3aeeeb874cf2984d2bf462baf05e49d1d9a8d075,2024-10-28 15:48:35.000 UTC,ethereum
0x5bd579e4a386d16b4c373713880f72687432d59e,2024-10-28 15:48:11.000 UTC,ethereum
0xe1ae33078f62dc29790fd95c7bedd4b7bb45ddf4,2024-10-28 15:48:11.000 UTC,ethereum
0x6aec28a88246f83a1087b2bd1c4be1449b6d179c,2024-10-28 15:48:11.000 UTC,ethereum
0x9cd6e808919c3afc78948ab8e9b1488aef716c21,2024-10-28 15:47:47.000 UTC,ethereum
0xe396f24574a2082e28718c5216c5cbd4130c612b,2024-10-28 15:47:35.000 UTC,ethereum
0x46e5796d9d1d76315a9c4b004c00b5d2b6d04ff9,2024-10-28 15:47:23.000 UTC,ethereum
0xf7da20cc43580b15ec38cd46572296092448d7cf,2024-10-28 15:46:59.000 UTC,ethereum
0x54142c5c49ac0172a0ab1dc7c637e226229a7007,2024-10-28 15:46:47.000 UTC,ethereum
0x8ff94408a82a6995ecd79c675ab749e0ff3ca5ed,2024-10-28 15:46:35.000 UTC,ethereum
0x326be61993686c984f112ec5d4b1b0759cbf9a05,2024-10-28 15:46:11.000 UTC,ethereum
0x53683188758dd7278d9b350af5dafb87c8cac684,2024-10-28 15:45:47.000 UTC,ethereum
0x68c970a0bcc88a47ddef757b7e2322de385678a1,2024-10-28 15:45:23.000 UTC,ethereum
0x2b95bcd48566f275c21db0cc4bc3e65d21e6e06a,2024-10-28 15:45:11.000 UTC,ethereum
0x2a3de0f9fd33682a03e4b475d032fa67f676a2a4,2024-10-28 15:44:47.000 UTC,ethereum
0x3a2e5060234e5ea164769fb97593761fbe57e957,2024-10-28 15:44:23.000 UTC,ethereum
0x88e31cc2abe65bb53ccbe94a7d8cd87aa3830b0e,2024-10-28 15:44:23.000 UTC,ethereum
0x88a8355d3769ddc0f03ecae09b394f92286215b2,2024-10-28 15:43:47.000 UTC,ethereum
0xda798c83ee3a7461a246d854b3bd51bb4b3a8646,2024-10-28 15:43:11.000 UTC,ethereum
0xdb4238f2b69339cc4b79d1512a16f29a6f63e491,2024-10-28 15:42:59.000 UTC,ethereum
0xda6be8bfbca0e6ebc6572bf184b02b176899a023,2024-10-28 15:42:47.000 UTC,ethereum
0xaf5ca18a5f92f035e56872f7c5e8c04385603f95,2024-10-28 15:42:47.000 UTC,ethereum
0x52ca381e39de2ccaa4db315cbf338e14e9c14bda,2024-10-28 15:42:23.000 UTC,ethereum
0xbf86690836bc057fd1bdf30eb0ee36d929687293,2024-10-28 15:42:11.000 UTC,ethereum
0x8e950923b1fabd7da91f31996887ad9570b17c3f,2024-10-28 15:40:23.000 UTC,ethereum
0xa101c769767c549e47c1f0c7783d6cead45c795f,2024-10-28 15:39:47.000 UTC,ethereum
0x0f33eeab49e8f8f8801675e49f3f592fe0c90244,2024-10-28 15:39:35.000 UTC,ethereum
0x74002a06b4225cb151a23173d66901da351ed4a6,2024-10-28 15:38:11.000 UTC,ethereum
0x17483dc3044c15dc5bd44f7ff02f3b950da605c2,2024-10-28 15:34:47.000 UTC,ethereum
0x7caabce0f32b3aa21fa44d30e42b5700952ee2db,2024-10-28 15:34:11.000 UTC,ethereum
0x931e14b83678654be2f3251cabb9bcf3cd1992a0,2024-10-28 15:33:47.000 UTC,ethereum
0x1e9761f66daee87df98efcc01c8b4e7b0e335b27,2024-10-28 15:33:11.000 UTC,ethereum
0x5a8dcb225ba5b61f23b8cd37e197cc349f9ba3b2,2024-10-28 15:32:47.000 UTC,ethereum
0xcc95e8cc5e9d7145294b9adf88b0f35c85eec0dd,2024-10-28 15:31:59.000 UTC,ethereum
0xe90e69dbaddf19e7d0938d2a66250846c041f992,2024-10-28 15:31:35.000 UTC,ethereum
0x611855429f12663405269d77db39da9408a24f8d,2024-10-28 15:30:35.000 UTC,ethereum
0x1043dcf8eeafa6657d798b5e6c300fd06877776b,2024-10-28 15:30:11.000 UTC,ethereum
0x25303aa8f910c77cbf6f1ac39bf33ee8f6bfc6ed,2024-10-28 15:29:47.000 UTC,ethereum
0x23f1d6a21c82ac78660f47a0f61a14be3ef3938b,2024-10-26 22:18:23.000 UTC,ethereum
0x531e9dcf6b0ce81935ed8a95ade84f6d3fef8966,2024-10-26 22:14:35.000 UTC,ethereum
0x83628769e715dc863af813cde34133ffe4378e55,2024-10-26 22:13:47.000 UTC,ethereum
0x95ac3e931986a3207c494c54683ba83b614d456d,2024-10-25 22:36:59.000 UTC,ethereum
0x380a5624f2d3f1d008c362259ffa6b5e9ae8ea69,2024-10-24 20:39:35.000 UTC,ethereum
0x12efafa98b1e782484794d6900b173e79b11ca60,2024-10-24 13:06:35.000 UTC,ethereum
0xe3bcc49f21e7aa9230e8576bf3fd285edde54eb6,2024-10-24 13:06:23.000 UTC,ethereum
0x249b88c6cdf167736390431de9b74a7690c1bc37,2024-10-22 20:00:35.000 UTC,ethereum
0x89cf540a89ae0fbdedd4780cd38b3496b65f1da5,2024-10-22 14:49:47.000 UTC,ethereum
0x29a8aa4bf213e704c26dd75f7cb2ab3c8aece63f,2024-10-21 16:23:11.000 UTC,ethereum
0xb1245cabbe4b508172c0b69fd8c7b4f97bb599bc,2024-10-20 09:17:59.000 UTC,ethereum
0x617ee8df6e532c23408e9a70f0cdf84545c57527,2024-10-20 09:17:59.000 UTC,ethereum
0x701bf21402df5d83e9d6ae03a55834877dd61a3c,2024-10-18 17:43:47.000 UTC,ethereum
0x36e4b11081c251c7817b3a4e03c90a11e4b03b67,2024-10-17 19:58:23.000 UTC,ethereum
0x740ec3d7289c820de07c690c387b2fbc71985c6e,2024-10-17 19:58:11.000 UTC,ethereum
0x5422668559212840db64ad81f79226d82340e5a6,2024-10-17 19:57:59.000 UTC,ethereum
0x6a98e8d8bceb42f70e1bb9817ad3fa170519057f,2024-10-17 19:57:47.000 UTC,ethereum
0x1ed498f5986772a08e7b37e650d8135b9bb48491,2024-10-17 19:57:35.000 UTC,ethereum
0xc4173a794122644870c8fd07c226acf992507897,2024-10-17 19:56:47.000 UTC,ethereum
0x9cfb73f0c8b494aaf8f00da25cd32286cf56ac98,2024-10-16 19:42:11.000 UTC,ethereum
0xa761f652044774de9456316d008c57a41c8c5e7d,2024-10-16 19:41:47.000 UTC,ethereum
0x8088cda65f084b186d322d2c9f074a65d4f3d4ac,2024-10-16 14:29:11.000 UTC,ethereum
0xd4f133dbfa2801c594e3e4e28ff6a34018984b55,2024-10-16 14:28:59.000 UTC,ethereum
0xd0caeb08be975457253881976977e19bab20a383,2024-10-16 14:28:47.000 UTC,ethereum
0xff66202bb673d99543799d93c60cfe5c228cfb1c,2024-10-08 20:49:59.000 UTC,ethereum
0x2361bab0747d4b926c0a381fe0cc96c074f52c2c,2024-10-07 13:37:11.000 UTC,ethereum
0x0b7dd7d52fbb0f862ff81498f423f34904178088,2024-10-05 07:54:47.000 UTC,ethereum
0x87c899a8b71d8ca1b629aa6bb26a2ff0d6c7b2fb,2024-10-05 07:54:47.000 UTC,ethereum
0x62f454f4363e8018d1486fd2b9781edcf4a76665,2024-10-03 13:49:59.000 UTC,ethereum
0xd28b494c999b4f43fcc7f0344439d6f082b7d2a1,2024-10-02 15:21:11.000 UTC,ethereum
0x286bbb823874121e7a7d2cb92d8897ba20e4a933,2024-10-01 18:48:59.000 UTC,ethereum
0xccf97357eca20ad9f67cd27e6fb2e8f8fc0899f1,2024-09-26 21:51:23.000 UTC,ethereum
0xa1774404710c85a5197cfc642c9b1504f602bc0f,2024-09-26 21:51:23.000 UTC,ethereum
0x9e408a4ddbd7b39302adf5d035504f1ff6bf828e,2024-09-26 15:38:23.000 UTC,ethereum
0x7dc8b150675474dfd1f9ae5735385fdb66d29f5b,2024-09-26 15:37:59.000 UTC,ethereum
0x0931ca4d13bb4ba75d9b7132ab690265d749a5e7,2024-09-26 15:37:59.000 UTC,ethereum
0xa3cda223bb11e3c2dff7a6574e5dbfa472c92878,2024-09-24 21:00:47.000 UTC,ethereum
0xa08ffd7867dd9eae13c1146857d35733172e349c,2024-09-20 20:29:35.000 UTC,ethereum
0xe8bdac58cb52fbcb6cc154f44e723a89a82dd131,2024-09-20 20:09:35.000 UTC,ethereum
0x29f26b0b21836d8dc2b7fe40b10c57ac1ea2924e,2024-09-20 20:09:23.000 UTC,ethereum
0x2d7c1b62440b45bc2b7e5db7848e0cd3665b974e,2024-09-20 20:08:47.000 UTC,ethereum
0x545ba724c75521c7962537ebc1e708064c64a2d0,2024-09-20 20:06:23.000 UTC,ethereum
0x4e0c5f78efeeedf31031fcec7bb41330e179a9aa,2024-09-20 13:01:59.000 UTC,ethereum
0x1cbace942f58848cc7723b88c8e37d9be683c504,2024-09-20 13:01:47.000 UTC,ethereum
0xfece26329e2781f1c4cf80e658b567df1cd3623f,2024-09-20 13:01:35.000 UTC,ethereum
0xd4423c11aecf82e1b2c1535c6e1254fb0605ebd5,2024-09-20 13:01:23.000 UTC,ethereum
0x691a5adff71803fcb098665e8f3d1b78ece18423,2024-09-20 13:00:59.000 UTC,ethereum
0xc462ebc1bcf36a35dde0360eb864be5279f3b019,2024-09-20 13:00:35.000 UTC,ethereum
0x757c1d80637ef0816136b55d5433abb51f485887,2024-09-19 21:23:35.000 UTC,ethereum
0x43d70985e2336eef64342a9393af7dfc2aa7744a,2024-09-18 16:00:59.000 UTC,ethereum
0x447178007a95b9a5586707e2d55b88176fd29c35,2024-09-18 16:00:59.000 UTC,ethereum
0x02b459a74c6762e650d78de9b8ae5991ffdfae80,2024-09-18 16:00:59.000 UTC,ethereum
0xbb4c226efb11c0d8ffd8bf1d7135dae510000008,2024-09-18 15:59:35.000 UTC,ethereum
0x1828f3334c0c11b444dac82f811b01bbf2b0fe59,2024-09-18 15:58:47.000 UTC,ethereum
0xd9587b4b833fafc6ec62e8181c0e5badb352722a,2024-09-18 15:58:35.000 UTC,ethereum
0xa96101f4fff3d4034ebedb4262fc274c88022b60,2024-09-18 15:57:35.000 UTC,ethereum
0x981d30f446121d571dd914a117e3d32038b27755,2024-09-18 15:57:11.000 UTC,ethereum
0x315e1335d4f666c64a2a3570ef54fc88bd33c371,2024-09-18 15:56:59.000 UTC,ethereum
0xeb2bde819a63db62c9f323b88a41e8892037dafe,2024-09-18 15:56:47.000 UTC,ethereum
0x0b51be78bfff38568b44f8ae1f7018b531c758df,2024-09-17 20:09:59.000 UTC,ethereum
0xe5c18c5c28a357a801a30e95ed54eabec757b9ff,2024-09-17 10:31:47.000 UTC,ethereum
0xc58073d3f9360850210a362443544a0f67f54b6e,2024-09-17 10:31:35.000 UTC,ethereum
0x85ff61467777c25a23ba0a7c99a241ae860b1a23,2024-09-14 07:28:35.000 UTC,ethereum
0x64b9de4ede0d4d8c0155c5f1899aa727d539f258,2024-09-13 20:39:23.000 UTC,ethereum
0xb937ba9358d20efcdb5f0fd363ca963989a536ec,2024-09-13 20:38:59.000 UTC,ethereum
0x290b6ebbdca04ee984fb8617e1b92deea23052e3,2024-09-13 20:38:47.000 UTC,ethereum
0xfa05456f82a0b816cd1dc1e9233be75908fcd9b8,2024-09-12 13:54:59.000 UTC,ethereum
0xd4c06e5554a2c4f18269126cc5d530dd1d43dc4e,2024-09-12 13:54:23.000 UTC,ethereum
0xab73b5b2ffc116721d6f01d9fddd64b478f1758b,2024-09-12 06:28:47.000 UTC,ethereum
0x83d670cb1c584da2597a18eed92e5a031425cffe,2024-09-11 15:05:23.000 UTC,ethereum
0x4a09c768c61681849c31a1602fd9ea79b8a85b30,2024-09-09 06:50:59.000 UTC,ethereum
0xc812bc945f7a9b347dddd6e2e829b7ec3f40e25e,2024-09-08 08:01:23.000 UTC,ethereum
0x02a629e4e1af08dd47f9a29498839967360e40d8,2024-09-07 09:39:59.000 UTC,ethereum
0xd518c3159a4b162f52a0e4dd13d5245f45960bc8,2024-09-07 09:39:23.000 UTC,ethereum
0x33288809c01ae95a95c94f9487c3bf1cf10184fc,2024-09-07 09:39:11.000 UTC,ethereum
0x54fda318fcb1bf0e83705002e4b5864442170480,2024-09-03 20:05:59.000 UTC,ethereum
0xcb567e89ac29ffb7adb85e8b4b8e7d7b14302f26,2024-08-29 15:02:23.000 UTC,ethereum
0xbef180ddfa914628791e7a67286e7618d121b579,2024-08-24 18:59:35.000 UTC,ethereum
0xa5a6a4b2809d78f45a2a325058b681a1bbc469e0,2024-08-23 21:05:23.000 UTC,ethereum
0xb547cf047d7ecd65e199c9c77f1938a95da5dc61,2024-08-23 14:49:11.000 UTC,ethereum
0x5ce757844d3dbcedb31a7a0730b52752293b1810,2024-08-23 14:49:11.000 UTC,ethereum
0x29488e5fd6bf9b3cc98a9d06a25204947cccbe4d,2024-08-23 14:49:11.000 UTC,ethereum
0x00001f78189be22c3498cff1b8e02272c3220000,2024-08-23 14:47:35.000 UTC,ethereum
0xcac0d6ac0fa10c5318e949dd94988325098f066c,2024-08-22 20:32:23.000 UTC,ethereum
0xdf831059231c0187a90b3d83c7fc3250288ba316,2024-08-22 20:31:59.000 UTC,ethereum
0xc165fa2b0b1158bad266d1948275f451ec1eb525,2024-08-22 20:31:35.000 UTC,ethereum
0xcbd03f54be3b8a35a41864c0272becf4839cf35c,2024-08-22 20:31:23.000 UTC,ethereum
0xdf27c3f2a16dc339e2c9a2a787651cce3f5f74eb,2024-08-22 20:31:11.000 UTC,ethereum
0xd976d6982968b2cda337c40e5d13201c740c6a65,2024-08-22 20:30:47.000 UTC,ethereum
0x99f1120cdd44312abdf268c1751f2d43f0a625d6,2024-08-22 20:30:23.000 UTC,ethereum
0x5da3aaf14ebe7da8c1114504d68fb8102b58a6f6,2024-08-16 21:06:11.000 UTC,ethereum
0x7ef94684238844ac5616a3d1366348c8fac81bee,2024-08-16 06:48:47.000 UTC,ethereum
0xcceac446f80b29da9d955297f7758cf7cbf95441,2024-08-12 18:43:35.000 UTC,ethereum
0xa79d180a2ca9bb4de7e2490df6d3f582f35f0b47,2024-08-12 18:43:23.000 UTC,ethereum
0xd73d44149deb8aabd4b53197654a286dedfda827,2024-08-12 18:43:11.000 UTC,ethereum
0xd5a543ce813d62f9dbf2b723a34257c2a6b9f5dc,2024-08-12 18:42:59.000 UTC,ethereum
0xbf93c820868447e997b0b0c0fce5d5498d872538,2024-08-07 16:51:35.000 UTC,ethereum
0x5ef66b85f3033a2a515832716d98d81e3521ea3c,2024-08-07 15:43:35.000 UTC,ethereum
0x7864b3efffc912ee22811599ebcebadf1c06e0cd,2024-07-31 20:33:59.000 UTC,ethereum
0x9afc36b20c961cd34450ae0c3941c302bfd6b1f1,2024-07-30 21:56:11.000 UTC,ethereum
0x7faac9711d24541347db6c2d8a79e8e3696c9feb,2024-07-26 15:55:59.000 UTC,ethereum
0xa0a7d2c6b288927cf73a5cf59970373262ea73c6,2024-07-26 15:55:59.000 UTC,ethereum
0x5748029dd7b42416f5ce584baf2d1572710499b0,2024-07-26 15:55:23.000 UTC,ethereum
0x26d5f18dbafd00fdb5f829296d6b77e4302251dd,2024-07-25 19:53:35.000 UTC,ethereum
0x03eda54bb2959a1d5aa5e7c757de616565c75597,2024-07-25 08:52:59.000 UTC,ethereum
0x4ce8f6dcc5368f20538885591c994f2a4abe9d19,2024-07-20 07:40:11.000 UTC,ethereum
0x9a716b8619956a55c4bc669cc55474dbffbdd019,2024-07-20 07:39:47.000 UTC,ethereum
0x1b5c23f7934dd627cbab889f11c7da471ac0f052,2024-07-20 07:39:47.000 UTC,ethereum
0xa6f1076cbba947f3481173890ec04aae8d6206fa,2024-07-18 15:13:59.000 UTC,ethereum
0x85f3470d86e404ba8acecf5e8e833fb7387cd9bc,2024-07-18 15:13:47.000 UTC,ethereum
0x8f0bed556acddb93d481fde7b16fc83d538fef89,2024-07-18 15:13:47.000 UTC,ethereum
0x05532146dbffb2d1d2bd04e27a6d19fddb655b64,2024-07-18 15:13:11.000 UTC,ethereum
0x1a8a16ff2a1755ea622815812fb30a4165bea92d,2024-07-18 15:12:59.000 UTC,ethereum
0x550849b21caeaa1d6c6a66e2803764a9f8d042f9,2024-07-18 15:12:47.000 UTC,ethereum
0xa479549578f45862f1a1b04695c144883713b464,2024-07-18 15:12:47.000 UTC,ethereum
0x86fc3f151ae8432dd9a8e5aaf50ce2f99946dbc8,2024-07-17 20:11:23.000 UTC,ethereum
0xfa2c6c55e5be0f4b7b3e9370f4b1f094975107ce,2024-07-16 14:05:11.000 UTC,ethereum
0x8f14fb59fd773c1124433ddaa0af08f9762737c4,2024-07-16 14:04:47.000 UTC,ethereum
0xbebdccf5988cdd39da2c63a5d1d9093a2254be38,2024-07-16 14:04:35.000 UTC,ethereum
0x8d2d2affd503482dc3145a7cd8438ec2b4e07969,2024-07-15 17:02:11.000 UTC,ethereum
0xbd4250a24356a988c399a12f4dbe08e519800558,2024-07-11 21:56:35.000 UTC,ethereum
0x3c0791b22d4a4f37641323464b15d20082a1a1c6,2024-07-10 15:57:35.000 UTC,ethereum
0x407a9e7530fed00a9ca0a897a4bc0eaaf73a8469,2024-07-10 15:46:35.000 UTC,ethereum
0x34ab9f8bb602121b06b52f3cf18873aa6c9fa231,2024-07-10 15:46:23.000 UTC,ethereum
0x8e83f870e6eec7dd3e33ead59bf667c873c30169,2024-07-10 15:46:11.000 UTC,ethereum
0x80f7b1977eaa6afb3b18752d7184fbf49ac5e1a8,2024-07-10 15:45:59.000 UTC,ethereum
0x8dd9bd0559b18cc72d069bb2461985fb1521be73,2024-07-10 15:45:35.000 UTC,ethereum
0x2c20442afab613bb69dbd35659077b1ae0a0d2ee,2024-07-10 15:45:23.000 UTC,ethereum
0x82324a2e2cbe569edcae3c5784eb4fa0bdb52fd5,2024-07-10 15:35:35.000 UTC,ethereum
0x5299a8b76ca80a7c7ca6b4e567e2cab64bc82d72,2024-07-10 15:35:23.000 UTC,ethereum
0x772f79cf46b3ddda5fb1d69554221ac69e47249b,2024-07-10 15:34:59.000 UTC,ethereum
0xe58ef5058b864d779196dddacd19224927b0e128,2024-07-10 15:34:35.000 UTC,ethereum
0x42a3d4cf2286ae0c9cd4994e9f844b3cba0c666d,2024-07-10 15:33:47.000 UTC,ethereum
0xe07738cc555defbddd9358556b9368a3fdfb2c29,2024-07-10 15:33:23.000 UTC,ethereum
0x01b6e0e9baa20ec225ec100e624556c3571d271c,2024-07-10 15:33:11.000 UTC,ethereum
0xba764864ee24c41b891aa0d3f2e406a25a42f935,2024-07-10 15:32:59.000 UTC,ethereum
0x4179f50cd49b77ea254128ca602b88279cf2c12c,2024-07-10 15:32:35.000 UTC,ethereum
0x35234841f083acefcb2544bbcc4d8fe6a7ef19e8,2024-07-10 15:32:23.000 UTC,ethereum
0x92c115281aedb44a90490e560574d61a36c7343d,2024-07-10 15:31:59.000 UTC,ethereum
0x76de1ae4e4f530cee8905da513648f0b0316474f,2024-07-10 15:30:59.000 UTC,ethereum
0x67b815f48d9e8197a1116d10bf503f8e5830d310,2024-07-10 15:30:35.000 UTC,ethereum
0x38c4d4a34cbd95535caa18c9dba7156b5695c92f,2024-07-10 15:30:23.000 UTC,ethereum
0xaddcee8ecb0c92f717134c2220d3ec7c1450651e,2024-07-10 15:29:59.000 UTC,ethereum
0xf10b852e54bbe0df4e045a5609e637e2c2484e4c,2024-07-10 15:29:47.000 UTC,ethereum
0xfe1b53ac251fdac8f457c72a316bff1a4e83bbe6,2024-07-10 15:29:11.000 UTC,ethereum
0x0f7b3938dd2ab47b90da7905b5e868c0426ecd99,2024-07-10 15:28:59.000 UTC,ethereum
0xf60641032e115884fc18543ea41b625fef5f01ff,2024-07-10 15:28:47.000 UTC,ethereum
0xe5bb00f7e8a0939e675c5a4d9ef2922802efa13c,2024-07-10 15:28:11.000 UTC,ethereum
0x7dbe6db0bb3428147d1d7df1846dc0ff4cc615da,2024-07-10 15:27:47.000 UTC,ethereum
0xb94f551659d8944f7cefaa813a522af30a6cd8ad,2024-07-10 15:26:35.000 UTC,ethereum
0x2e48895525ec3e5c6013ab6fd8908d90ab7bc245,2024-07-10 15:26:23.000 UTC,ethereum
0xbe81ba44723584a14944504633da7708d3fd831c,2024-07-10 15:25:59.000 UTC,ethereum
0x5259279e97b795c9cd5fa533143ca0d47ae1d9d3,2024-07-10 15:25:47.000 UTC,ethereum
0x2c477e3ad0a8bd854f3762052f8a36b15aa8751f,2024-07-10 15:25:23.000 UTC,ethereum
0x948eb4142f578690261491525e030f0c3204c38f,2024-07-10 15:25:11.000 UTC,ethereum
0x0027846505cd5e91bdb743770f3d89de9cb7b978,2024-07-10 15:24:59.000 UTC,ethereum
0x92d1d4f09df46219c57f3fdcd2c38c5a1098fc2e,2024-07-10 15:24:35.000 UTC,ethereum
0x2999602952dd5fc731eaaed2a0550e0db270f3ac,2024-07-10 15:24:23.000 UTC,ethereum
0x5b717eb4c2b3c337bb36dd20ec2c05279bfc80a2,2024-07-10 15:23:47.000 UTC,ethereum
0x3cc190842a402950258e2925dcc6b1ee397d7e3b,2024-07-10 15:23:23.000 UTC,ethereum
0x5f9bcd9d3a73988782ba8f3cf9c78dd2cf8363f9,2024-07-10 15:23:11.000 UTC,ethereum
0xa06eda0e35cb340051679d683082370ae6103937,2024-07-10 15:22:47.000 UTC,ethereum
0x6650bc211261c9ee1b19c10dc759823bed2f18f4,2024-07-10 15:22:23.000 UTC,ethereum
0x8bc62911db444efa3d4371964567c4b130161535,2024-07-10 15:21:47.000 UTC,ethereum
0x0da71aa4243cfca85c4cd6d91f4bec7ab55fdd11,2024-07-10 15:21:35.000 UTC,ethereum
0x341d5733fa3fcfc060d06127d264fe085a496294,2024-07-10 15:21:11.000 UTC,ethereum
0xd2e42c8c748cdae78f5aa794342a7578de21c30f,2024-07-10 15:14:47.000 UTC,ethereum
0x9eaef827d1457b66005edae95e7f1977e96069cd,2024-07-10 15:14:35.000 UTC,ethereum
0x1536c173ca7729199baf5609c6bb56ed035faaef,2024-07-10 15:02:35.000 UTC,ethereum
0x2469912e514cfe67b69cbf5bca25f77d6430f751,2024-07-10 15:00:35.000 UTC,ethereum
0xdf084760c3626b4e48efb86481bca067cac6e23e,2024-07-10 15:00:11.000 UTC,ethereum
0x9246955cbc46e7d5fd383f4afedc8b621fca1678,2024-07-10 14:59:35.000 UTC,ethereum
0x9905c53ae2ff11590db620256ab518b914fb502b,2024-07-10 14:59:35.000 UTC,ethereum
0x42d6f396fff82fda616723659b22417f41e9b523,2024-07-10 14:58:59.000 UTC,ethereum
0x4199e5ad9d90217c45e0271a26f27e28d03d2b9a,2024-07-10 14:58:23.000 UTC,ethereum
0x89a55778f8772e2a49b8e2cb920f1a935a8d86df,2024-07-10 14:57:47.000 UTC,ethereum
0xc247059133c07d1bb19b5f0ca7c2dec157c323d2,2024-07-10 14:57:35.000 UTC,ethereum
0xba5e1c687ac97fcff7f61646e0cecd1f78fad108,2024-07-10 14:57:11.000 UTC,ethereum
0x2415b0c22740983a42996cceebb4510dcb5db7dd,2024-07-10 14:56:23.000 UTC,ethereum
0x0e6aa8991d8fd4f99ec73e6178fff06a278608bd,2024-07-10 14:56:11.000 UTC,ethereum
0x6508d6dae9e7ce408581b6552803ee71653582be,2024-07-10 14:55:59.000 UTC,ethereum
0xc0ce68daa799b0b22ffea34cff2c03bdcbd4f5b5,2024-07-10 14:55:47.000 UTC,ethereum
0xfe88dd486c090b9663d734f268804cb4bb9474fe,2024-07-10 14:55:23.000 UTC,ethereum
0x4b2ed1d8c679985719ef5a5a822f3ed7ada5fda6,2024-07-10 14:55:11.000 UTC,ethereum
0xaf3dc653c66f8edc77202956f3dd470202a07869,2024-07-10 14:54:59.000 UTC,ethereum
0x8adadc307053641d95beecf9550dc594d5779d45,2024-07-10 14:53:59.000 UTC,ethereum
0xa82b776e2a3f33a340eafa61b5ade907b5460bcc,2024-07-10 14:52:59.000 UTC,ethereum
0xc934f4c177fdaae3b615ba4589a3ad6b23cea3fd,2024-07-10 14:52:47.000 UTC,ethereum
0x01a6bf60c8621d769d0e0fe8852c4f4564b7807e,2024-07-10 14:52:23.000 UTC,ethereum
0xd8035f22bd2cc0ddb27926cd71b9550d103337b8,2024-07-10 14:52:11.000 UTC,ethereum
0x3c608f1c9755c1102a95766d8fc2b4dceb1bb15b,2024-07-10 14:51:47.000 UTC,ethereum
0x51c73513c4902b8e12747041747aff7021f7cee5,2024-07-10 14:50:11.000 UTC,ethereum
0x800cd15b08604d028e1c3db1c45deb3acc9f7352,2024-07-10 14:49:47.000 UTC,ethereum
0xf3068a5171ffe957558acfe84f9fd710acc870be,2024-07-10 14:49:23.000 UTC,ethereum
0x07564500c26c86708417e867c994a9dfa5328bbb,2024-07-10 14:47:59.000 UTC,ethereum
0xc8ac00b77e3def5de510036f93afb4b1568ad26e,2024-07-10 14:47:59.000 UTC,ethereum
0xa5b3d5337fa03bf7cddd5a1492e5b3f1ecfa8ec3,2024-07-10 14:47:23.000 UTC,ethereum
0xc7811175b17d7c2b2c90c1be108407b0f685e491,2024-07-10 14:46:59.000 UTC,ethereum
0x4e31fb0b3f55d5b12cb307222373ae2dc186b346,2024-07-10 14:46:35.000 UTC,ethereum
0x63933499b87a94900e594baaaa296b54dd5fe937,2024-07-09 15:20:35.000 UTC,ethereum
0x27a50c36f3d6fd4448167b68da1e0a0887842c20,2024-07-09 15:10:47.000 UTC,ethereum
0xfed8d5a85a891d9902c5605690d948bf31e4b178,2024-07-09 13:04:23.000 UTC,ethereum
0x822d25b7496ec9853504a12b9125f501d903b374,2024-07-09 13:04:23.000 UTC,ethereum
0x33567d6d79c43c3784079d28c3d1b911598d169f,2024-07-09 13:03:47.000 UTC,ethereum
0x8d56490d5678ae5489a84070eeba1f15e6a96a72,2024-07-09 13:03:47.000 UTC,ethereum
0xf08b46b21b0547af52248a49d5444c82529b6a4f,2024-07-09 13:02:59.000 UTC,ethereum
0xc3271ce734d1034a5ecd0a1845515639a9c90998,2024-07-09 13:02:23.000 UTC,ethereum
0x2ff87ee0936926b38fef5d845e8061095b245267,2024-07-09 13:01:47.000 UTC,ethereum
0x88d8dc3bf6d1db73da985ff618c95466389c1656,2024-07-09 12:59:47.000 UTC,ethereum
0x1a7d92fc3ee3462282eb1a4ce1a05b62c138b876,2024-07-09 12:59:35.000 UTC,ethereum
0xc82fe4593caed953eba7c7b3a0b3f1b6fdc2f56b,2024-07-09 12:59:35.000 UTC,ethereum
0xf9c43179d357fcaf8ba5f016e773ef84d56ed4f1,2024-07-09 12:58:59.000 UTC,ethereum
0x3095a74299b97ce5c4b883adc25fcb878a700a04,2024-07-09 12:58:35.000 UTC,ethereum
0xd75e3fc325779e36e85180ada20aca17bd6155c9,2024-07-09 12:58:35.000 UTC,ethereum
0xb822e045def6777271daaa28a754bc046b903cf5,2024-07-09 12:57:59.000 UTC,ethereum
0x48bfbd318aaec4ebe2d828120fddb3be5d60206a,2024-07-09 12:57:47.000 UTC,ethereum
0x8d57ff39514fe7954b60402cdaaf28a19496493f,2024-07-09 12:57:23.000 UTC,ethereum
0x9a19b363cf34445d5490cab137e9e6c681b5d285,2024-07-09 12:56:47.000 UTC,ethereum
0x9f8916e92d99a12951c5d655ee1c4e26455e68b8,2024-07-09 12:56:23.000 UTC,ethereum
0x5bbb49d0d67525688bfe98c7301d634c1c1d585a,2024-07-09 12:56:11.000 UTC,ethereum
0xb00173ff529d225709fd6975e345203dcdbc45ff,2024-07-09 12:55:23.000 UTC,ethereum
0xc11b27640d33bb89d74caac871a7141f99510cd7,2024-07-09 12:55:11.000 UTC,ethereum
0xa204bc202dad5ba67c6a1b0997a9010e13a9171f,2024-07-09 12:55:11.000 UTC,ethereum
0x68e51c0bb6a83602765860deaa4be15ddf590d8b,2024-07-09 12:53:59.000 UTC,ethereum
0xb0d25af9047cfd9b1bed8f1fd58479c9202bc483,2024-07-06 21:00:35.000 UTC,ethereum
0xa2692f6164d4a21b8be86b333791e7957edcc30e,2024-07-03 15:23:59.000 UTC,ethereum
0x768cd3af95a26d5bddeac50a7386d05a6cffaf7c,2024-07-03 15:23:35.000 UTC,ethereum
0x921117d31fdcdc57095c235574b9e6d2a6b9d4d0,2024-06-28 14:22:35.000 UTC,ethereum
0x6a7a8d1a23d44904a19d98e152f07318b13d6d38,2024-06-28 11:45:23.000 UTC,ethereum
0xccfc8480f4d9c8a322ad20619dd2de920ab8a089,2024-06-28 11:44:35.000 UTC,ethereum
0x4e5cda8f0d772ac57e947545192a0657ad47abb5,2024-06-25 17:07:23.000 UTC,ethereum
0xdb9214bf5060bf992575d03195177e3cdc0ecb6e,2024-06-25 17:03:59.000 UTC,ethereum
0x9adc15ff2a0906531a5a58801589ae8c9e3d3227,2024-06-25 17:02:59.000 UTC,ethereum
0x758dec99e07f5e589b1256f536cbb003b528e5dd,2024-06-24 17:16:47.000 UTC,ethereum
0x006e73df1552b3b91346f3e05d86fccf22075def,2024-06-24 17:15:59.000 UTC,ethereum
0xbaf9ab6245b59953afeb1efa0c3aafff26ce3d1a,2024-06-24 17:15:23.000 UTC,ethereum
0x6dd6392aa2b7ebbfa6073bb34e3b897a3baa6cfc,2024-06-22 14:06:11.000 UTC,ethereum
0xa49a06cbf5f40d51f1084457acbc50047854f544,2024-06-22 14:05:59.000 UTC,ethereum
0xd9da35755cb8338c200a9233cf5b1b71c6d05ad0,2024-06-22 14:05:35.000 UTC,ethereum
0x93f9fd1723022e2d3989e7639b0771abb9ce48d4,2024-06-22 14:05:23.000 UTC,ethereum
0x0cf916ac23e556c0cdf3948900a16c4e80352079,2024-06-22 14:05:11.000 UTC,ethereum
0x5ee9df360dafcc745fe2ee69ab68e3c0dc4bb028,2024-06-22 14:04:59.000 UTC,ethereum
0xf04d0715605f50f83562cfa87996d4d5038917ef,2024-06-21 20:38:59.000 UTC,ethereum
0xa1770ead287dc8e91631a7a323390d5b744f0021,2024-06-21 14:53:11.000 UTC,ethereum
0xafd770d8898a0e323c607fe91358345e7b2378a5,2024-06-21 14:51:11.000 UTC,ethereum
0x4c817bfbc703eff688b3fa39ef626627b6460b03,2024-06-18 20:20:47.000 UTC,ethereum
0x56db0fe0b35584bd94542417f578ed8b79d099a7,2024-06-18 20:20:11.000 UTC,ethereum
0x54b0419ddb2ae131b53ac6edf78016552b90f233,2024-06-17 15:52:23.000 UTC,ethereum
0x3d3b5c1794beca597d6541369f70a40ec4ef98dd,2024-06-17 15:52:11.000 UTC,ethereum
0xcd137402dd937174883b244945f29310d9408af1,2024-06-17 15:52:11.000 UTC,ethereum
0x19d5715a425b92f101de7c09c0301d93fa28c451,2024-06-17 15:51:47.000 UTC,ethereum
0x40c94727e25194536860ee287a489b7f76a94790,2024-06-17 10:57:47.000 UTC,ethereum
0xa8cbdaee4dfc631055fc229a64fa8e0f989338e3,2024-06-17 10:56:11.000 UTC,ethereum
0x029c196d7bd0b17b09807f6cb7ec4217b61ad7fc,2024-06-17 10:54:35.000 UTC,ethereum
0xf0f0fcda832415b935802c6dad0a6da2c7eaed8f,2024-06-13 21:27:23.000 UTC,ethereum
0x9a0a19f94e15265c0b39f06193d12a26c85c2ec4,2024-06-12 15:05:47.000 UTC,ethereum
0x316af0b427ba533f5a1f5484eec13ddaa4889182,2024-06-12 15:05:35.000 UTC,ethereum
0xf82767b33918bede21899d303347edfc6663d21d,2024-06-12 15:05:11.000 UTC,ethereum
0x7bbeeef8fb84c443e1e3d3db44c8eb3506afc438,2024-06-12 15:04:59.000 UTC,ethereum
0xf0c0dd1c19bc24dcd5e82cc15bdbf89bc74408e8,2024-06-12 14:37:35.000 UTC,ethereum
0xd1c7ec83e2176d1002b797a6ef692dd02c584c1c,2024-06-12 14:36:59.000 UTC,ethereum
0x0c14d080df7589a1cfeb76fd335745de380edabd,2024-06-12 14:36:47.000 UTC,ethereum
0x6f9ede43ee7da8c1adf4a07a562d5720b871960d,2024-06-10 14:50:11.000 UTC,ethereum
0x787d3cc57a040e623268072ead69181bf5e4033e,2024-06-08 07:04:47.000 UTC,ethereum
0x07978aa1d62e84ddfdd3c73411a2ea08c15246b5,2024-06-08 07:04:35.000 UTC,ethereum
0x3ee5555a3c3e56ad351b2dd4f10926d0d584232a,2024-06-07 19:04:35.000 UTC,ethereum
0x42ee4a43c7c67ca0a3b8b8908d6db4f92d98ab07,2024-06-07 19:04:11.000 UTC,ethereum
0x03942b72b70573af0acd32a513047c0f61458f3f,2024-06-07 19:03:47.000 UTC,ethereum
0x39120fdab06f6503b07f8ceab9b9b7877d9883f9,2024-06-07 19:03:11.000 UTC,ethereum
0xba3bfac3ef631a48188ed859a02df3ef01a72001,2024-06-07 19:02:11.000 UTC,ethereum
0x593a823e356eceafb9bcc7648391dd4b1ffd80ac,2024-06-07 19:01:35.000 UTC,ethereum
0x4ac436e1a66f61e9521d9740275e534e5b43e8e8,2024-06-07 19:00:59.000 UTC,ethereum
0xc9ed11762ef7acd391f7f28f2847a75ed72da6f2,2024-06-07 19:00:23.000 UTC,ethereum
0xa37e928cf356992f76801ea78d69d53601a5e345,2024-06-07 18:59:59.000 UTC,ethereum
0x5d6ce1b14c4333830f48e291c1c7e19405c2e28e,2024-06-07 18:59:11.000 UTC,ethereum
0xc6bca471d96c0c0d3e5f42d967b1ad4ab6ec6857,2024-06-07 18:58:59.000 UTC,ethereum
0x22754ac196b341c38cf83b6c819643bd84eeac07,2024-06-06 22:21:35.000 UTC,ethereum
0x94ff67d04dc0338295dc848a1a6ca06856124b52,2024-06-06 22:21:11.000 UTC,ethereum
0xd83f00f4ff76882d5945f554b0dd40979fe8e4fc,2024-06-06 22:20:47.000 UTC,ethereum
0xd3bd6eced100f79ab557d837ccc2821336d36369,2024-06-06 22:20:35.000 UTC,ethereum
0x969af6051f286a7d958d7d5db44f7828b1e18ff0,2024-06-06 22:19:59.000 UTC,ethereum
0xa19e4182f9ccdf284b3c292b3554075f619403b5,2024-06-06 22:19:35.000 UTC,ethereum
0x83b62243e8c850b4bc21d5f7d9a4da606ba64538,2024-06-06 22:19:11.000 UTC,ethereum
0x992cdffcfd04eb07293d792928c1c85b58abebbe,2024-06-06 22:18:59.000 UTC,ethereum
0x2e571e1814febbbc76912ad7f8d3d50009be96e8,2024-06-06 22:18:35.000 UTC,ethereum
0x9c642f8e3c192f30e4054888ab1f82a265830ed8,2024-06-06 22:18:23.000 UTC,ethereum
0xffcc858a9f2e3f200028961c022072309fcd1a2b,2024-06-06 22:18:11.000 UTC,ethereum
0x6e61ad6b4c560ed989481f5ec61a0afd090bc700,2024-06-06 22:17:35.000 UTC,ethereum
0x98b9224ef26b6e105fe7ff3d904bebc1091ab949,2024-06-06 22:16:59.000 UTC,ethereum
0x312284f0b7c2e659d7d8ce03274e12979160c731,2024-06-06 22:16:35.000 UTC,ethereum
0xdf0797c75799e9b2688c000a07532cda5f47e42b,2024-06-06 22:15:59.000 UTC,ethereum
0x19afa4c2fcd1c25af0ac9ab320b68d0f3960115b,2024-06-06 22:15:35.000 UTC,ethereum
0xd4e623edd2ecdf220d729fb6c1ef36fd78098302,2024-06-06 22:15:23.000 UTC,ethereum
0xab46360d61ed2df619f316240824d7cabfd0b9f8,2024-06-06 22:15:11.000 UTC,ethereum
0x09e7d6830a0b32bf2d2e2d0e63e8350afbbfa8ce,2024-06-06 22:14:35.000 UTC,ethereum
0xba9d81f2c62da8796f1c2c164abd2c1086d38fd2,2024-06-06 22:13:47.000 UTC,ethereum
0x3eb228061617a9e1e21294da11baa74fafabdc58,2024-06-06 22:13:11.000 UTC,ethereum
0x0a751ab1a9db79415b48e0abdf705e688fbea03f,2024-06-06 22:12:23.000 UTC,ethereum
0xd37c601f43eae4186b35e7bd1d66264b20dba73f,2024-06-06 22:11:47.000 UTC,ethereum
0x64a33420253a905d096052c70fe0147559beb340,2024-06-06 22:10:23.000 UTC,ethereum
0x1703cd66a51e9a9a2b9f6384f75be765f3db2e1f,2024-06-06 22:09:47.000 UTC,ethereum
0x8611cd7a44d8d50b6f66f85c61571711a96f6ccd,2024-06-06 22:09:23.000 UTC,ethereum
0x5411fc83cd10b24166aae4912c0009029bed3723,2024-06-06 22:08:35.000 UTC,ethereum
0x8d1f79d32a8e8d330f8a084ff22b7f8185d7fbcd,2024-06-06 22:07:47.000 UTC,ethereum
0x2292d24fd6a752f231ccaa129f65f238f40019ca,2024-06-06 22:06:59.000 UTC,ethereum
0x141d13263cdb689ace5579481a0c937c1f7935db,2024-06-06 22:06:47.000 UTC,ethereum
0xfdab00ff80ec7be5624bb6f004b424d7f15d6b18,2024-06-06 22:06:35.000 UTC,ethereum
0x412a6da2d03871bfaab980ecdca9d61f432efb13,2024-06-05 20:59:59.000 UTC,ethereum
0x25b31d7320be162b9c96d174116371a6c633192f,2024-06-05 20:59:47.000 UTC,ethereum
0xbdea734323572345892651ba63c62ed25b996836,2024-06-05 20:59:35.000 UTC,ethereum
0x5d1d3646585a6752be4682cf46b331f37c321923,2024-06-05 20:59:23.000 UTC,ethereum
0xd155fa55c40d010335aa152891aa687e2f3090bd,2024-06-05 20:58:47.000 UTC,ethereum
0xc5ad2e132215582f2e42fa1592f6c644c5d8615d,2024-06-05 20:58:23.000 UTC,ethereum
0x32eb1ace445e45f3774174f90233e41494ad41b0,2024-06-05 20:57:59.000 UTC,ethereum
0x58955f1be4c2ee32dcb31469c529fbdd0aade9d6,2024-06-04 19:59:35.000 UTC,ethereum
0x9c19f49016f5ee109a86c77c9702494ddfa72aed,2024-06-04 19:59:11.000 UTC,ethereum
0x36cb773d81e5920ed09e48f586e86df5b452a360,2024-06-04 19:58:35.000 UTC,ethereum
0xd348833bf90ef2b9c0986d62bf74ca42304ca591,2024-06-04 19:57:47.000 UTC,ethereum
0xc82dbdb3800145e0dcb1c88f8a6189a8afc33e2e,2024-06-04 19:57:23.000 UTC,ethereum
0xb8dad58a14528b8355412dafae10f4ee56483d48,2024-06-04 19:55:47.000 UTC,ethereum
0x6eb23bfa84a55c84ac215f4925462c5d2713f8d9,2024-06-04 19:52:59.000 UTC,ethereum
0x0b59f92f6626dfd28adaeed74ebbbdf353fc92e0,2024-06-04 19:50:59.000 UTC,ethereum
0x36327f4ccff56f13b7b0587dd3a6dc6039709741,2024-06-04 19:50:35.000 UTC,ethereum
0x357c942393d88dcf60daef2d12599c0b1a17cdb8,2024-06-04 19:50:23.000 UTC,ethereum
0xd206fe807d29b34b96d2ea7eccbb7c6cd962b65b,2024-06-04 19:48:11.000 UTC,ethereum
0xdb6a05af86ff2cda90aaf7a842ef6309201d83bd,2024-06-04 19:45:47.000 UTC,ethereum
0xb0830664a01d939c96b8063c017a57250cafe2c5,2024-06-04 14:49:59.000 UTC,ethereum
0x6b0e979da01eff6f256733d2d031abf8717ae429,2024-06-03 20:39:23.000 UTC,ethereum
0x343c09328100bb947324bfb538df6ea77a387ef0,2024-06-03 14:10:35.000 UTC,ethereum
0x1a19947fe974fb54dca48c6565f77bb585c20280,2024-06-03 14:09:47.000 UTC,ethereum
0x9c354a8ef51c24154c03ac495ca6b528a685e0cc,2024-06-03 14:09:11.000 UTC,ethereum
0xb1248a881fcca400ed85feb35984f9df8b792c54,2024-06-01 17:11:11.000 UTC,ethereum
0x7ca3e3e41c885a47a50bc487a81aacca646fdb2c,2024-06-01 11:55:59.000 UTC,ethereum
0x523a32b76df1099fa0bac841f1ea846fdad39232,2024-06-01 11:55:35.000 UTC,ethereum
0x0fe18a1f2e9d05015e59a5375ffedfb53b42a786,2024-05-31 19:58:59.000 UTC,ethereum
0x510230cf57a20d427446412b48eadf8d17cea81f,2024-05-31 19:58:35.000 UTC,ethereum
0x8f4978e6477cc4925eaed94d52fcd7feeb9333f1,2024-05-31 19:58:23.000 UTC,ethereum
0x9f28e0e816a37face3eb12b55514a0bb31aab081,2024-05-31 19:57:47.000 UTC,ethereum
0x1f8d69a3e7b603edc94256a8ebe9e74ae532b7a0,2024-05-31 19:57:23.000 UTC,ethereum
0x8935f8dd425b052be76d37540f51662c4435aba5,2024-05-31 19:56:47.000 UTC,ethereum
0x791ac834fadb3ea2f69322fa2578022d50a895c8,2024-05-31 19:56:35.000 UTC,ethereum
0xdddb65c2c7042280504d35078a25f0a6531e38ed,2024-05-31 19:56:35.000 UTC,ethereum
0xf241d389e53e7505503c09c7143c1177936177b4,2024-05-31 19:56:35.000 UTC,ethereum
0x5931e0b955eb1140f69b28af0b631e62e558aae7,2024-05-30 05:36:59.000 UTC,ethereum
0x0f52582114b9d25b2fc243a4727d6b6f93aa9c1f,2024-05-29 11:04:23.000 UTC,ethereum
0x5f07a408d80ebd893c63e90180b89f9801776f0e,2024-05-29 11:03:47.000 UTC,ethereum
0xf8c6b247871e4ec0ff255b8eb235103ffdfbdfcf,2024-05-29 11:03:35.000 UTC,ethereum
0xe1d865c3d669dcc8c57c8d023140cb204e672ee4,2024-05-29 05:57:35.000 UTC,ethereum
0x15e0ce2b1a09fa1ded1a7729b0b568ac67f4cdf7,2024-05-29 05:56:47.000 UTC,ethereum
0x58b13260996339d5d6ee119837f4cab8a6e95490,2024-05-27 21:02:23.000 UTC,ethereum
0x1b4d0881729f40b8ab9693080e8ab1abc976de87,2024-05-27 08:19:23.000 UTC,ethereum
0x619148e5753072907beca86c932172ffbcbbd3fa,2024-05-24 16:18:23.000 UTC,ethereum
0x709e7f7f612a99febd9b1243e6d61d4eb9257d26,2024-05-24 16:15:11.000 UTC,ethereum
0x9d93405ebb824d0c859adfe1d619d9f7a7cea67e,2024-05-23 21:31:35.000 UTC,ethereum
0x99611c7489e36e2be03abb8338da000b16e353bd,2024-05-23 21:30:59.000 UTC,ethereum
0xdf11c90d1882257690dca8f6b5013cfd75abf347,2024-05-23 21:26:35.000 UTC,ethereum
0xa7ff152dfb81be34126b37b9bff0f376f08554ab,2024-05-22 14:25:11.000 UTC,ethereum
0xec47cfe8d22e8c7bb8a97d09fd1255874effcf87,2024-05-22 14:24:59.000 UTC,ethereum
0xa3f41c862405962249155487d638e951d6fc5ae8,2024-05-22 14:23:23.000 UTC,ethereum
0x7fd5fd7cfca09eaffdb369c424f40b59edd8d62d,2024-05-22 04:01:59.000 UTC,ethereum
0x5f039d8ad22376aaa63f1b075a1fc4e4070b901c,2024-05-22 04:01:11.000 UTC,ethereum
0xaa5ec4e96d2ea3b38e481db16e77102163e1a019,2024-05-21 04:44:59.000 UTC,ethereum
0x7a200e3c836478b45b53a1ebd7563ee343a00ecb,2024-05-21 04:44:35.000 UTC,ethereum
0x0e7f7b96e9e75340da4df2252759b192eecb3bee,2024-05-21 04:44:23.000 UTC,ethereum
0x27f27975a2304c1e4274319f3c86e631e6b7c51a,2024-05-21 04:43:35.000 UTC,ethereum
0xd96703e78fd82e8f1e718a88d81d476bc1ba83b7,2024-05-21 04:43:23.000 UTC,ethereum
0xcf1a13730747686749865dfd4b4b08726fef2d10,2024-05-17 12:27:59.000 UTC,ethereum
0x19b91796478c3dde9053167f6d661933d7db690e,2024-05-17 12:27:35.000 UTC,ethereum
0xc0dd331be3519fe95f7e539823ea0a14016cf3f3,2024-05-17 12:22:35.000 UTC,ethereum
0xc2985a287cb782378f4f50fede69242e71a2a509,2024-05-17 12:21:47.000 UTC,ethereum
0xbdd32b0e59f253f37ec97da72c421d8da0e1fb1e,2024-05-17 12:20:59.000 UTC,ethereum
0x5d5b220fb29291f988c1a5600efe63c442ef06a5,2024-05-16 15:50:35.000 UTC,ethereum
0x4e9dba141924219fc2c4cffc1f48e6baf113e48a,2024-05-15 18:18:23.000 UTC,ethereum
0xbaaba6e7c98fb65d9ca01593cebe1bb4315cbb72,2024-05-15 18:17:59.000 UTC,ethereum
0x65a9da826dfdb0b6aa7edd413286b27c99a771ca,2024-05-14 16:43:59.000 UTC,ethereum
0xd9b56f584ee14ea1bc8712d0335fbb63e26ae693,2024-05-14 16:43:23.000 UTC,ethereum
0xdc35ce037722e2196a8b3eb9da64648bc0e037c8,2024-05-14 16:43:23.000 UTC,ethereum
0x1291bf41339300ebdbb4b289143b6d5f373ab553,2024-05-14 16:40:11.000 UTC,ethereum
0xf6438ded9eb47aab9d41664664f201b498f905d6,2024-05-14 16:39:47.000 UTC,ethereum
0x3816ff68842b6b1b75d8f6f2e83761dab7bef532,2024-05-14 16:39:23.000 UTC,ethereum
0x098ae5c5872508f0dc611d72e377709441e5bc1b,2024-05-14 02:34:23.000 UTC,ethereum
0x730fb92c77eb5eda8202be8fd1c9f6a852be9d71,2024-05-14 02:32:47.000 UTC,ethereum
0xfc25686b89da51e3602d58bb040ef859c4526320,2024-05-14 02:32:11.000 UTC,ethereum
0x42d50d510c0d027b8b74253f6f6be44625890145,2024-05-14 02:32:11.000 UTC,ethereum
0x9f6283d4fe206486c59b133bd1e7bd64bc0939a2,2024-05-14 02:30:35.000 UTC,ethereum
0xa7a44de862cc9a4077d8e1428be977481dea3fa1,2024-05-14 02:29:59.000 UTC,ethereum
0xb89cba688b26004b58ce8c630c0ded65a6bff8a3,2024-05-14 02:29:47.000 UTC,ethereum
0xeea3636f2a989ec3d3648402e87a7c62d77a0d94,2024-05-14 02:28:47.000 UTC,ethereum
0xf31ba612d96ad488e008c033b848796a75f96870,2024-05-14 02:28:47.000 UTC,ethereum
0x11b7c00c9ca069233e23107dd0569172df0a0df6,2024-05-14 02:28:11.000 UTC,ethereum
0x8b627c5c60982e8a4bf2ed8444a7af8f5deb9758,2024-05-14 02:26:47.000 UTC,ethereum
0xea8c0cb3766c0e932251304dc29b811f520797a5,2024-05-14 02:24:23.000 UTC,ethereum
0x3f6ccccd077d842af5b815e8cc9001f54069e5e1,2024-05-13 11:52:11.000 UTC,ethereum
0x2c71e4aeaf38b756860393e7947997f212988497,2024-05-13 11:51:35.000 UTC,ethereum
0x93c02eb89e7b4ecc27da1f63e25ee6be140c21d8,2024-05-13 11:51:35.000 UTC,ethereum
0x7b65b10c3fae61336c27dce19c15324495eb826e,2024-05-13 11:50:59.000 UTC,ethereum
0xf29d6b600c5ae79cae0a16dde808039e2cf4e60d,2024-05-13 11:50:35.000 UTC,ethereum
0xde3c0800adbbaa92765f0a3f0889f1fe5eb186a8,2024-05-13 11:50:11.000 UTC,ethereum
0xbf6f63d091b8a699b7344774686f9800db4ccbc6,2024-05-12 19:32:23.000 UTC,ethereum
0xf30eec43edebbeede06725b533a0601d390dc0f8,2024-05-12 19:32:23.000 UTC,ethereum
0xcdf4e5b901f7f514d804e23bc41e7199bd5a8730,2024-05-12 19:30:35.000 UTC,ethereum
0x42b731c272a13e12b825363f6e58930ebb98d73c,2024-05-11 14:59:59.000 UTC,ethereum
0xc55d99813818cbe0b60a72f2afe70815dd7743dd,2024-05-10 04:06:11.000 UTC,ethereum
0x1020508c8b9ffa57172901114f64fc4d4992bfcd,2024-05-10 04:05:59.000 UTC,ethereum
0x058b13260996339d5d6ee119837f4cab8a6e9549,2024-05-09 05:48:11.000 UTC,ethereum
0xc19c38cc069dd19e4dab0dc421b717b8eae3bc5e,2024-05-09 05:47:47.000 UTC,ethereum
0xc76556638eb4b15ef3dfa860f49dedaabb452294,2024-05-08 18:51:11.000 UTC,ethereum
0xe5acd83fbb4872ecb5d7c38e96e9711751e6c86a,2024-05-03 13:43:35.000 UTC,ethereum
0x6a888ea3fce04de9bfda2aa54b41b1039d5a1f9c,2024-05-02 19:14:35.000 UTC,ethereum
0x97e37a4d289681d0842f9ad8fe72dbd4662f65a5,2024-05-02 19:14:23.000 UTC,ethereum
0x19f8f2b0915daa12a3f5c9cf01df9e24d53794f7,2024-05-02 15:13:11.000 UTC,ethereum
0x8fd33933ee2a9fc8f98a0428bb6faf74bb0314ca,2024-05-01 14:28:35.000 UTC,ethereum
0x22524feef84a7fefb293b577b5f249b5bb8d1944,2024-05-01 14:27:59.000 UTC,ethereum
0xb2e1342b7a2e9669fa1e8ff775e5765e5cd0964a,2024-05-01 14:27:47.000 UTC,ethereum
0x36f2d3871edd59d5c06db8f0b12be928d5922a70,2024-04-27 20:14:47.000 UTC,ethereum
0x12ed7f6ed0491678764c2b222a58452926e44db6,2024-04-27 20:14:35.000 UTC,ethereum
0xbcd530b6f66a9dcf0862629b16da1c48a8d8de3a,2024-04-25 17:43:23.000 UTC,ethereum
0x6a835367d2ede9dc2731713ef4439842ba53410a,2024-04-25 17:29:23.000 UTC,ethereum
0x119ac06fef5870e2e3b920bf7dde1ea96545afa5,2024-04-25 17:28:59.000 UTC,ethereum
0xd840debe081d15b17116ada04ea9a9fb9fefe47a,2024-04-25 17:28:35.000 UTC,ethereum
0x227fa6a3b9751641d81b6686fde446b51e2dc1ec,2024-04-25 17:28:11.000 UTC,ethereum
0x0c12adea8035db6d5bba76bdb8bea2c1e1d246f6,2024-04-25 17:27:35.000 UTC,ethereum
0x476be4e3773737e653bdc1eae9b568b19197cc84,2024-04-24 17:18:47.000 UTC,ethereum
0xe53bf45ae80043b4623e4879806f175318f4608a,2024-04-24 17:18:35.000 UTC,ethereum
0x6a1544f72a2a275715e8d5924e6d8a017f0e41ed,2024-04-23 04:35:47.000 UTC,ethereum
0x55e521d5247a001afdaed57ba4c21ab3e02f089e,2024-04-19 20:22:47.000 UTC,ethereum
0x39e32859fb15b101c439747029bf457a2862d5f2,2024-04-19 20:22:47.000 UTC,ethereum
0x91884bec6ac95c016c21711db165a86b3178868e,2024-04-18 20:04:23.000 UTC,ethereum
0x47bd184e6483d21e474bfaf48bb6f43090c73194,2024-04-18 20:02:35.000 UTC,ethereum
0x90e16e6fbaafd644ea9020b7b49df08da90118b8,2024-04-18 20:00:35.000 UTC,ethereum
0x874071288290361738ea12cd1389f4bcb4875ef3,2024-04-17 06:29:35.000 UTC,ethereum
0xc48436c1674efcfe8fb8e96c3f6504324dd6d50e,2024-04-17 06:29:11.000 UTC,ethereum
0x06ecb24c52c2d606d4f52ba9b7987002f0915cdc,2024-04-17 06:29:11.000 UTC,ethereum
0x8b10c643d42374d63824a39932c3e66c5f07e3f4,2024-04-17 06:28:11.000 UTC,ethereum
0x6275ca02c006e843b11ff9ea3c4d2a051a170e61,2024-04-17 06:27:47.000 UTC,ethereum
0x49904c3fd861845b0c967063cceda7656a9933fd,2024-04-13 19:04:35.000 UTC,ethereum
0xe6b78809b265811e9c0ec09df41f5864a799da5d,2024-04-13 19:02:35.000 UTC,ethereum
0xa8d106387f639301f6ede90ca7484408a34cc8cb,2024-04-10 15:53:11.000 UTC,ethereum
0xfff8cb22789fafb30492cc4264a711c2ed1973ee,2024-04-10 15:51:47.000 UTC,ethereum
0xb139093471bab760363d45ef097687c2d6aca00c,2024-04-10 15:19:23.000 UTC,ethereum
0xff2ec1f1a809a600165c3f4f7d0cad756fd20df4,2024-04-09 20:33:11.000 UTC,ethereum
0x4fac0f6a28ddce3b5ec81a08499fb75a3fb421d1,2024-04-09 20:32:47.000 UTC,ethereum
0x766c83cd96e6dc7e5d253905f38bccfc5476d4f7,2024-04-09 20:32:23.000 UTC,ethereum
0xb782439e9e5af4ac148ddf6d70e81a9f6dd2eaf5,2024-04-05 22:09:47.000 UTC,ethereum
0x04ce51cac7e101ef5e99106319eaa2ec9340b0b6,2024-04-05 22:09:23.000 UTC,ethereum
0xe8033f96fb5c3cd7faae22e401826d9605187c3e,2024-04-05 22:08:47.000 UTC,ethereum
0x604ff14242725f95f8a9a1a7b65b7dbf4308b980,2024-04-05 22:08:11.000 UTC,ethereum
0xf6ab97ab362756984fd31e41319a8b176bf8f61d,2024-04-05 22:07:47.000 UTC,ethereum
0x0f440519d214c2acbe5f965f47e89de3070420ff,2024-04-05 22:07:23.000 UTC,ethereum
0xeec30809b911b1c3203e7817fa36dc4a4e3dea27,2024-04-05 22:06:47.000 UTC,ethereum
0x0740865e5fe03f46b0a659c9f63ad2f2b6fc4518,2024-04-05 22:06:35.000 UTC,ethereum
0x2a88568e482dbd970446ff40dbb43b23f4e1dce7,2024-04-05 22:06:23.000 UTC,ethereum
0x0468559b16abb67ca49dd37213ac6c0423969d72,2024-04-05 22:05:59.000 UTC,ethereum
0xc36df56b7bb11f44e0b135017b66d5286c7caa46,2024-04-05 22:05:35.000 UTC,ethereum
0x0d2f54331a5425b6d738dc6e5e9b8dc61569a5ec,2024-04-05 22:05:11.000 UTC,ethereum
0xcc8c2186363734667478ea0decfef61ddf7e0f36,2024-04-05 22:04:47.000 UTC,ethereum
0xa0d50e9b7eaac04ca82197a350fe3ff1c24bd13f,2024-04-05 22:04:23.000 UTC,ethereum
0xde8611112820c8c608c5fa2ee7d15398792be74c,2024-04-04 20:27:35.000 UTC,ethereum
0x9a9fd8435a02cb1dc4c8f5db33f31aa5c56ca3e7,2024-04-02 14:22:23.000 UTC,ethereum
0x84ad3ad89cc96e82ee1d57151fdbdcaa823e6acc,2024-04-02 14:21:59.000 UTC,ethereum
0xb86369ed3754a404c5c0d5aa9da6400a9466053e,2024-04-02 14:21:47.000 UTC,ethereum
0xd4ac8325131512d792eeadd73b694b744de9d947,2024-04-02 14:21:11.000 UTC,ethereum
0x6be0873c769cb4e9fb3cd42fa25bc179945cd2b9,2024-04-02 14:20:23.000 UTC,ethereum
0x1dbbd7182ee17720d09121c20bc658de28f2054f,2024-04-02 14:19:35.000 UTC,ethereum
0x5e6ba75e0fbdc9a9dd0fbdee5d4b0bfeac9f0fb6,2024-04-02 14:17:59.000 UTC,ethereum
0x48cfafe2460570575e80eacd4f762c7cf8f6f3b3,2024-04-02 14:17:11.000 UTC,ethereum
0x1c7f7f7b66d1f6e9c23545c0156a6a1f676c0e1b,2024-04-02 14:16:47.000 UTC,ethereum
0xd7ad5a1db7739c01d9b4471c5b9ffb871f625941,2024-04-02 14:15:47.000 UTC,ethereum
0x71e8ab7c141a58bd79948c11c9d8d1f7ef041f47,2024-04-02 14:15:35.000 UTC,ethereum
0x99caa2dd9f1f845a9a01422c991c472d15ced1d1,2024-04-02 10:20:35.000 UTC,ethereum
0x05c8a416ae8db42b737a15c4c3ff5f5bef051fef,2024-04-02 10:19:11.000 UTC,ethereum
0x97becbb90ff30513e7984e3bdce4863d03d59fc4,2024-04-02 10:17:35.000 UTC,ethereum
0x284512d226465443e04fffe82fa20628a94d46b6,2024-04-02 10:16:59.000 UTC,ethereum
0x8e2eb468d10e53f99639f02d58a19ab3d60cd07d,2024-04-02 10:16:11.000 UTC,ethereum
0xaa4436a1d19fd53275817d38b5282b9c3951599e,2024-04-02 10:02:23.000 UTC,ethereum
0x05ae4747262f351ec861355987e8ed58a78f10ca,2024-04-02 09:58:35.000 UTC,ethereum
0xddb5ded6c513747b8b831d7521e00c3202bc08fd,2024-04-02 09:57:23.000 UTC,ethereum
0x0a9ed2a9d3f811b3cd6ad673cdeccd88047618ca,2024-04-02 09:54:23.000 UTC,ethereum
0x655113606aafe1549dccfed4e120da22b6cdda24,2024-04-02 09:54:11.000 UTC,ethereum
0x474604bcaf36fdf518becfcaebb0c98b5b85a152,2024-04-02 09:53:59.000 UTC,ethereum
0xc955915bd7fa544d26d5bb6547a8169cb37130c4,2024-04-02 09:52:59.000 UTC,ethereum
0x6a0012bddda0bc958c28691b373f6236e8fabaa0,2024-04-02 09:52:35.000 UTC,ethereum
0xb4d40ab51881e5792609538968c3953eaa9ce617,2024-04-01 17:49:59.000 UTC,ethereum
0x0191939066ed1ebd02d4f0b90f3aaf2fbdb4e7aa,2024-04-01 17:49:47.000 UTC,ethereum
0x606909559309ed059387636e4c5d5215cefab0f9,2024-03-29 18:09:23.000 UTC,ethereum
0xd20f279d4dc259ab453a5f556b723cd0f468c08d,2024-03-29 18:08:23.000 UTC,ethereum
0x7e35c489a0d0864a990dcfc20a809e1b3cf3ae97,2024-03-29 18:07:35.000 UTC,ethereum
0x53f891c692b9fedb3a7e4edb63bfe8b2aa9d1349,2024-03-29 18:06:59.000 UTC,ethereum
0x08cc05ea9d6e89246f1a3ab152430db7e25f6f92,2024-03-29 18:05:59.000 UTC,ethereum
0x237549141cece409cde963a3eb8780f5a9742745,2024-03-29 18:05:35.000 UTC,ethereum
0x15c4c7b22a15e2478bfead76002dfe8398eb96c7,2024-03-29 18:05:23.000 UTC,ethereum
0xf1decab7faf24d7cdba999464a076af637162311,2024-03-29 18:05:11.000 UTC,ethereum
0x144fabd44e621f054d765f20580a433073785577,2024-03-29 18:04:59.000 UTC,ethereum
0x968f20b2dcd2cc3f430b5873ed7c6b665efa1c87,2024-03-29 18:04:35.000 UTC,ethereum
0x2305665d718c30e57d4539ff887055a068bdfe1d,2024-03-29 18:04:11.000 UTC,ethereum
0x6c9a14be891a1ded77512a4672361df640566a3e,2024-03-28 17:40:11.000 UTC,ethereum
0xe13cd70d67de05cadc3b3058fd52e00d47474e58,2024-03-28 17:38:11.000 UTC,ethereum
0xe7c044d0e8e52691ce82ab670ab51a5fa4573f7a,2024-03-28 17:37:59.000 UTC,ethereum
0xe950dc316b836e4eefb8308bf32bf7c72a1358ff,2024-03-27 17:08:23.000 UTC,ethereum
0xc45afec45feb47b7e0263f5211462cb49e6496a4,2024-03-26 21:22:35.000 UTC,ethereum
0x270e72b1a427cdc30acff85bb20adc756f78d3e5,2024-03-26 21:22:11.000 UTC,ethereum
0xf79917e8775d186de3aa4d6b0d68e4e9fda9279e,2024-03-26 21:21:35.000 UTC,ethereum
0x0000333caf2237112e22dc7dc593152da21d412d,2024-03-21 17:56:47.000 UTC,ethereum
0x81ed5c22360b52d5ba84382ba9987ac10e45cb18,2024-03-20 11:34:59.000 UTC,ethereum
0x36ca88359489ad07ba3293a6dfe2f129adede0b8,2024-03-20 11:34:23.000 UTC,ethereum
0xbb6b7dea7ee53b704c959ad895771aa6a0d2f934,2024-03-20 11:33:59.000 UTC,ethereum
0xcc5717c4eec45f0c426cb767691cfda0fa77ef55,2024-03-20 11:33:35.000 UTC,ethereum
0x05767582705119ed243b320fc0ce98940f768f78,2024-03-20 11:32:59.000 UTC,ethereum
0x4484656e7aed645c15ff01c6a4a857f01a604bb6,2024-03-20 10:18:59.000 UTC,ethereum
0xfb633cb317bbd5a1a95cf6a13e63cdd15f6481fd,2024-03-20 09:59:47.000 UTC,ethereum
0xa077a605ddd0fddb85891f745a48e2bfa8634dee,2024-03-20 09:54:59.000 UTC,ethereum
0xbad329ae8dcd940673e92e53d51f2bfef70ff916,2024-03-20 09:54:59.000 UTC,ethereum
0x3dc1dea6db1c4bdf9d4416f7d69e117cbce58452,2024-03-20 09:52:23.000 UTC,ethereum
0x8b4358076797544ee0cf677499f6bfb5cb54e189,2024-03-19 16:30:47.000 UTC,ethereum
0xe0482f82872b0dc5e935c352602b6ae7525a3574,2024-03-19 16:29:23.000 UTC,ethereum
0xa512d9888e90631641d90ca06a3b8ddaa35345a3,2024-03-19 16:28:59.000 UTC,ethereum
0x7c19376181eb719d7f1f9eb251e433c50700f10e,2024-03-19 16:27:35.000 UTC,ethereum
0xd557ab2db8acaebdf07b63c402a822cc9f14fedc,2024-03-18 23:05:47.000 UTC,ethereum
0xce54d7355a718a73cfc036cdc397b0c84311a7bd,2024-03-18 23:05:23.000 UTC,ethereum
0xcfa76534302fe1a18350cbcf5a472932d0abeab9,2024-03-18 23:04:59.000 UTC,ethereum
0x53789a30899efad6613c39d7da51dea1e39bd220,2024-03-18 23:04:35.000 UTC,ethereum
0x29c5ef1ac380d4168bca2de0e777d18b1b78a11f,2024-03-18 23:04:11.000 UTC,ethereum
0xd4e7bd8ad8f764e8e6c3c0e24a1dc59633e2bb65,2024-03-18 23:03:35.000 UTC,ethereum
0xc6f730bb738896b803280ddae485a4263237ac1e,2024-03-18 23:03:23.000 UTC,ethereum
0x0bb6a2a50bfea780fb2659fd1811db198639b059,2024-03-18 23:02:59.000 UTC,ethereum
0xbb864555c9dbfe4ad1922958d768c08b9b50d68c,2024-03-18 23:02:11.000 UTC,ethereum
0x4f9bef057ae1fb07c0ba2045b18b57359ce664a8,2024-03-18 23:01:59.000 UTC,ethereum
0x8419a1ac68d96bf4b7bbd1d25e4ef1dc621481a9,2024-03-18 23:01:11.000 UTC,ethereum
0xf6f1f8b897cb468881a2558586be4bac4272361f,2024-03-18 23:00:47.000 UTC,ethereum
0x7c7d71c0f93a4f42d8126c214f9900f97c547f47,2024-03-18 22:59:35.000 UTC,ethereum
0xf0fac9dce5f2dc3c9112bdd0f824ee2663596c30,2024-03-18 22:58:47.000 UTC,ethereum
0x73c59dfab8f924351c0f3ad3d326d92b366e4a61,2024-03-18 22:57:47.000 UTC,ethereum
0xf808085ebc9a56123e7174ee186c083cde130fe8,2024-03-18 22:56:59.000 UTC,ethereum
0x8335afe66c3c766eaed6cbe547f7d17111a28b87,2024-03-18 22:56:35.000 UTC,ethereum
0x76549618b8d2ec22bed0ef7afc044b2c7159444e,2024-03-18 22:56:35.000 UTC,ethereum
0x30ddc768945a0e27d2a17aa02ef93083a0335277,2024-03-18 22:54:35.000 UTC,ethereum
0xa00ef78f83188abc1efb001ea32ce233bcf55d9b,2024-03-18 22:54:23.000 UTC,ethereum
0x75313697627f5fa3fd35c017b5bcb48cc262656d,2024-03-18 22:53:59.000 UTC,ethereum
0x436c7f7bbe63d4ac53d3c8f55446958038781703,2024-03-18 22:53:47.000 UTC,ethereum
0x141be7590945663d06b64a087c5294429a003998,2024-03-18 22:53:23.000 UTC,ethereum
0xfd03637733e810ed9a33e7658d06c80151fb0b61,2024-03-18 22:52:23.000 UTC,ethereum
0xab51326e7102d38a73a71e66e4709f3a6da5722c,2024-03-18 22:51:23.000 UTC,ethereum
0xe952bfe6cb230ce413b8146c8bf09cb370a11998,2024-03-18 22:50:59.000 UTC,ethereum
0x85b1c1d541f401b518fecd4140e80f1a3128ec92,2024-03-18 22:50:47.000 UTC,ethereum
0x03167edd45b5b6038d3d8dd843b13f50f9dbab95,2024-03-18 22:50:23.000 UTC,ethereum
0xc50bf5e25828a13f49ba2081c46d328e1a97f4ce,2024-03-18 22:50:11.000 UTC,ethereum
0xf1407fe7b4f929b2d9a5eaf3a9aea2eaca9799e8,2024-03-18 22:49:59.000 UTC,ethereum
0xcfd8951c50333e696d7e8eda1125e77b7b6d6510,2024-03-18 22:49:47.000 UTC,ethereum
0xdf9d5cb1d706defa9345f677ed9095d727ad6d18,2024-03-18 22:49:23.000 UTC,ethereum
0xafa984b065b6fd36f14842e6b1be797a99365466,2024-03-18 22:48:59.000 UTC,ethereum
0x5cc388c3bab51fa8b9ea8e7dd56dd6717dcdf786,2024-03-16 08:22:59.000 UTC,ethereum
0x5bad1235fe85104da8ad35969f1c7f9934576124,2024-03-16 08:19:59.000 UTC,ethereum
0xa1d6df714f91debf4e0802a542e13067f31b8262,2024-03-15 09:20:59.000 UTC,ethereum
0x5ff793c01a443a22b925df59d1b2c427347db36e,2024-03-15 09:19:23.000 UTC,ethereum
0x911d86c1f88497777c942f44902bd6e6e7f25152,2024-03-15 09:16:11.000 UTC,ethereum
0x7b879d453d5471f3d05f85547ddd32202139f078,2024-03-15 09:13:23.000 UTC,ethereum
0x0f64e97d1021477ed26f5225e2a722610b6f29e5,2024-03-15 09:09:23.000 UTC,ethereum
0xea5881cf309b941e05fdd3ff6b95a73270064756,2024-03-15 09:05:35.000 UTC,ethereum
0x4feb71333c2a9fe81625a5727ab0ed33dc77b841,2024-03-15 08:59:23.000 UTC,ethereum
0x254b47759e91aa29ae2aea8e4f8ebbe6703de2e4,2024-03-15 08:03:35.000 UTC,ethereum
0xd73bfaa8a46c4ab04ab8a04208f4d7418d7568a8,2024-03-15 08:00:47.000 UTC,ethereum
0x4e02638d32b8c3d7fdf39ed9ce6f4d26ace39951,2024-03-15 07:53:59.000 UTC,ethereum
0x853caebf6eb85aab8a8a44ce2d7ce8905539fa65,2024-03-15 07:50:11.000 UTC,ethereum
0xd227d839396374c69c6c7d876430750643368ec6,2024-03-13 16:19:47.000 UTC,ethereum
0xa586e3486c1501a14201d7c97debff21167831f0,2024-03-13 16:19:23.000 UTC,ethereum
0xf2c678b283b58ac43b9975d13ab3f7ce87422ce0,2024-03-05 08:32:59.000 UTC,ethereum
0xc0c9baf6bb9b932eef4a60267aa8c530af5cb62c,2024-03-05 08:31:11.000 UTC,ethereum
0xc20dcb6c4fec2516e21cf52648177721e2744988,2024-03-05 08:30:23.000 UTC,ethereum
0x44c9503188827034377353a9f6d876eea15933c9,2024-03-05 08:29:47.000 UTC,ethereum
0x0ef6a7200fb762a1c1f4ae85e58f6dca99465905,2024-03-01 11:42:47.000 UTC,ethereum
0x8013e1b5ccc9b508092941ec8ec6f6aa903d3e60,2024-03-01 11:41:11.000 UTC,ethereum
0x2ef166b673b0933b664393e9e7c5d315179b34de,2024-03-01 11:39:47.000 UTC,ethereum
0xc9af3dc1a24d89dcc32b0b6936ab7cfc58804236,2024-03-01 11:39:23.000 UTC,ethereum
0x2d762190ca7486066eabfee0c9b2ce841f31a372,2024-03-01 11:38:35.000 UTC,ethereum
0xf3ae40d6cd8981f3e04144bad0b44e5826b81301,2024-02-27 21:47:11.000 UTC,ethereum
0xf628c4deaa21d3f682ee3f8eeeb51f1f108b67b5,2024-02-21 03:26:47.000 UTC,ethereum
0xf3701f445b6bdafedbca97d1e477357839e4120d,2024-02-21 03:21:23.000 UTC,ethereum
0x14091f1d0a422ccc678217edff90745d64bd9eb1,2024-02-21 03:21:11.000 UTC,ethereum
0xbeef863bc81abeace8689751009f069be09ac3f0,2024-02-21 03:20:59.000 UTC,ethereum
0x2903b3ff34f0ad93ae5e3478ac6cb7b125d426f7,2024-02-20 15:55:35.000 UTC,ethereum
0x0a3d2de1f5c7cb6ce301532c0e6146e24da61e77,2024-02-16 20:34:59.000 UTC,ethereum
0x9223c9f4e71110200049d5080633d37da222f7e1,2024-02-16 20:34:11.000 UTC,ethereum
0xf5c757885bc82384dac6f9d4f170e82a35ba3b8c,2024-02-13 18:47:11.000 UTC,ethereum
0x45d542e7ea62afe999d5335c8282d740008694da,2024-02-13 18:45:47.000 UTC,ethereum
0x8369e85fdc3c739d7d13aa41022181b4058b8ae8,2024-02-13 18:44:47.000 UTC,ethereum
0x4a4693fcb71204d6c84a6a7e5f795f57b1d44b7b,2024-02-13 18:41:47.000 UTC,ethereum
0xfd10797c02bbcf25e879d8e1d955ef5876fa095b,2024-02-13 18:40:35.000 UTC,ethereum
0xf29eb1bcc4b778e4b44904e575753c5c492c4d11,2024-02-09 13:49:23.000 UTC,ethereum
0x5d84fc7e012c0e1d7fec53d8d5a3d8a47f384c3e,2024-02-06 19:16:23.000 UTC,ethereum
0x56e70f3599ece030ad5159d5204a49585fe145b9,2024-02-06 19:15:47.000 UTC,ethereum
0x4b3f2fd48e9ff45a50e10f774ec28a9103e80cf6,2024-02-06 19:15:23.000 UTC,ethereum
0xc14d78c6966d7975d9995ae694815bbbf5743ce1,2024-02-02 14:34:23.000 UTC,ethereum
0x3b76a3699b563ad1af98ad581714c72315c83607,2024-02-02 14:32:59.000 UTC,ethereum
0xfecc47ab11a44c09d9cc7289eeb3b9a8abb9ca16,2024-02-02 14:31:47.000 UTC,ethereum
0xa7e32be512ff926caf92a92d635642248dd8a977,2024-01-25 19:45:59.000 UTC,ethereum
0x1a0c774942e04c658320e27bfcdc6e7ebffd23fd,2024-01-24 23:39:23.000 UTC,ethereum
0x9531ef6c64138af5ca38016cbafee8f40877f828,2024-01-13 01:02:47.000 UTC,ethereum
0xeba5e02c6df7ae881c085511534113683221afe3,2024-01-08 20:08:23.000 UTC,ethereum
0x34bd619fc8fce1771c05221b356cabfb511e115f,2024-01-08 20:07:59.000 UTC,ethereum
0xbd2830ba5357ec1eb49874e9df14317229ba06d2,2024-01-02 17:29:35.000 UTC,ethereum
0xac97e9d9f9111613df8cabbf6435f70139528882,2023-12-22 23:37:11.000 UTC,ethereum
0x751ba11cec9d92a13974b9a982a5a2f8810be423,2023-12-22 23:36:47.000 UTC,ethereum
0x6504f63429f6e0f329b01eb5f9a29df48893487a,2023-12-22 23:36:35.000 UTC,ethereum
0x7d575ad14603360b26acc007c398f0fa748a8306,2023-12-21 16:51:59.000 UTC,ethereum
0xc1a5f6588f6a956170ba8d75aad1cf7ed72ad568,2023-12-21 15:08:23.000 UTC,ethereum
0x291badd20711341ef7b5bec85f29ab6b087aab99,2023-12-21 15:07:59.000 UTC,ethereum
0xa56ddd10a7d8a2592a0920de9c20afbd6216fa2a,2023-12-21 15:07:35.000 UTC,ethereum
0xc9859cdd8fee0c77a2f39b99e2210738e59c2684,2023-12-21 15:06:59.000 UTC,ethereum
0x873e288d432d1e8dd93defa63406fd9a80580491,2023-12-19 15:49:23.000 UTC,ethereum
0xf2f3fa6d045bba08434b5be56f43cffe76a5979f,2023-12-19 15:48:59.000 UTC,ethereum
0x016a2046689fc94eec7d23545693bc7b81dbabd1,2023-12-19 15:47:35.000 UTC,ethereum
0x6d82a3743261e0ac77116f4cf153338bec3c69c6,2023-12-19 15:46:35.000 UTC,ethereum
0x691169914a13465bd9528292f8fbdd0301354941,2023-12-19 15:45:23.000 UTC,ethereum
0xb690b98e7b1e59ff7de1a9ff19af9b98bbef3e92,2023-12-18 19:58:47.000 UTC,ethereum
0xf2d44e332bd25c5d8561e8b12950993e4e76134e,2023-12-14 14:56:47.000 UTC,ethereum
0x9bca4df33e7982a1d6dcb95e755d60517a2b77d4,2023-12-14 14:56:23.000 UTC,ethereum
0x0dca635402af7f773dfd89d551f4bdc72a7521d5,2023-12-14 14:55:59.000 UTC,ethereum
0x658729879fca881d9526480b82ae00efc54b5c2d,2023-12-14 14:55:35.000 UTC,ethereum
0x5ced8dc729662eab1f923b3c43bfe6bb2dcd2ae6,2023-12-14 02:49:47.000 UTC,ethereum
0x186e6139cd55902faa3d70b4cd866e7237d2f6ed,2023-12-14 02:48:59.000 UTC,ethereum
0xe2102860361ced07ab9d75dbe815962b72165e82,2023-12-14 02:48:35.000 UTC,ethereum
0xa6bccfd21c5b23965c5f31d70fcef17b83b9c04a,2023-12-14 02:48:11.000 UTC,ethereum
0xb51aaca6f8d603c3ac335c79bc2d5104c461d4fa,2023-12-14 02:47:47.000 UTC,ethereum
0x0930dab77fae01b75368ffb84ae1e72c965a103d,2023-12-14 02:46:59.000 UTC,ethereum
0xdc3c17f04c2d3b0f8a05b2a3a0fc8312fc44875b,2023-12-14 02:46:47.000 UTC,ethereum
0x69053a15b763e6094ca68f7c14cd5f72926516e7,2023-12-14 02:46:35.000 UTC,ethereum
0x4663c4df09d4dd347197507defd1551b6ce10067,2023-12-11 22:02:35.000 UTC,ethereum
0xa6173a4128bb9adef4fbe4d858363fbcda23c089,2023-12-11 22:02:11.000 UTC,ethereum
0x3760cd4e92f8bae88bc4541bf5a8a5531eea2c80,2023-12-11 22:01:47.000 UTC,ethereum
0x2341e30eacd99d3cb3f9b7831144c82be18157c2,2023-12-11 22:01:35.000 UTC,ethereum
0xd365849035325a1a49bd43f5f43063f1aec0ccd6,2023-12-11 22:01:23.000 UTC,ethereum
0xbca444779d643f22cd99173a4022840dab1548f2,2023-12-11 22:01:11.000 UTC,ethereum
0xa1ea34d831e6b725119f1fff5e77f3df2707f0f7,2023-12-11 22:00:47.000 UTC,ethereum
0x3d7eea656a95285669c06386d78ce53f02af0904,2023-12-11 22:00:35.000 UTC,ethereum
0x92652e5191a947b5d4fe3949138f484285719308,2023-12-11 18:06:23.000 UTC,ethereum
0xcfee63bc4404d4e951e3c45e6b7fc01706689d07,2023-12-11 18:06:23.000 UTC,ethereum
0x62f8eaab937583c55a8f62f6fafef6e0f057b53b,2023-12-11 18:06:11.000 UTC,ethereum
0x63419d0e14b4910b2e3842fea67033814b30c22e,2023-12-11 18:05:59.000 UTC,ethereum
0x9c2bc757b66f24d60f016b6237f8cdd414a879fa,2023-12-09 17:58:11.000 UTC,ethereum
0xffbac21a641dcfe4552920138d90f3638b3c9fba,2023-12-09 17:43:11.000 UTC,ethereum
0xfec8a60023265364d066a1212fde3930f6ae8da7,2023-12-09 17:42:47.000 UTC,ethereum
0xfd8610d20aa15b7b2e3be39b396a1bc3516c7144,2023-12-09 17:42:23.000 UTC,ethereum
0xfac583c0cf07ea434052c49115a4682172ab6b4f,2023-12-09 17:41:59.000 UTC,ethereum
0xf7b31119c2682c88d88d455dbb9d5932c65cf1be,2023-12-09 17:41:47.000 UTC,ethereum
0xf67721a2d8f736e75a49fdd7fad2e31d8676542a,2023-12-09 17:41:35.000 UTC,ethereum
0xf60dd140cff0706bae9cd734ac3ae76ad9ebc32a,2023-12-09 17:40:47.000 UTC,ethereum
0xf4b067dd14e95bab89be928c07cb22e3c94e0daa,2023-12-09 17:39:23.000 UTC,ethereum
0xefe301d259f525ca1ba74a7977b80d5b060b3cca,2023-12-09 17:38:23.000 UTC,ethereum
0xedc5d01286f99a066559f60a585406f3878a033e,2023-12-09 17:38:11.000 UTC,ethereum
0xed6e0a7e4ac94d976eebfb82ccf777a3c6bad921,2023-12-09 17:37:11.000 UTC,ethereum
0xe7aa314c77f4233c18c6cc84384a9247c0cf367b,2023-12-09 17:36:59.000 UTC,ethereum
0xdf3a408c53e5078af6e8fb2a85088d46ee09a61b,2023-12-09 17:36:47.000 UTC,ethereum
0xdf231d99ff8b6c6cbf4e9b9a945cbacef9339178,2023-12-09 17:36:35.000 UTC,ethereum
0xdcbeffbecce100cce9e4b153c4e15cb885643193,2023-12-09 17:36:11.000 UTC,ethereum
0xd8d7de3349ccaa0fde6298fe6d7b7d0d34586193,2023-12-09 17:35:47.000 UTC,ethereum
0xd82ed8786d7c69dc7e052f7a542ab047971e73d2,2023-12-09 17:35:35.000 UTC,ethereum
0xd692fd2d0b2fbd2e52cfa5b5b9424bc981c30696,2023-12-09 17:34:59.000 UTC,ethereum
0xd691f27f38b395864ea86cfc7253969b409c362d,2023-12-09 17:34:35.000 UTC,ethereum
0xd5d6f8d9e784d0e26222ad3834500801a68d027d,2023-12-09 17:33:59.000 UTC,ethereum
0xd4b88df4d29f5cedd6857912842cff3b20c8cfa3,2023-12-09 17:33:35.000 UTC,ethereum
0xd47438c816c9e7f2e2888e060936a499af9582b3,2023-12-09 17:33:23.000 UTC,ethereum
0xd21be7248e0197ee08e0c20d4a96debdac3d20af,2023-12-09 17:32:59.000 UTC,ethereum
0xd0975b32cea532eadddfc9c60481976e39db3472,2023-12-09 17:32:11.000 UTC,ethereum
0xcee71753c9820f063b38fdbe4cfdaf1d3d928a80,2023-12-09 17:31:59.000 UTC,ethereum
0xcc84179ffd19a1627e79f8648d09e095252bc418,2023-12-09 17:31:35.000 UTC,ethereum
0xca0840578f57fe71599d29375e16783424023357,2023-12-09 17:31:23.000 UTC,ethereum
0xc455f7fd3e0e12afd51fba5c106909934d8a0e4a,2023-12-09 17:31:11.000 UTC,ethereum
0xc2a3829f459b3edd87791c74cd45402ba0a20be3,2023-12-09 17:30:59.000 UTC,ethereum
0xbb93e510bbcd0b7beb5a853875f9ec60275cf498,2023-12-09 17:30:11.000 UTC,ethereum
0xba214c1c1928a32bffe790263e38b4af9bfcd659,2023-12-09 17:29:35.000 UTC,ethereum
0xb541fc07bc7619fd4062a54d96268525cbc6ffef,2023-12-09 17:27:59.000 UTC,ethereum
0xb20c66c4de72433f3ce747b58b86830c459ca911,2023-12-09 17:27:23.000 UTC,ethereum
0xb1c8094b234dce6e03f10a5b673c1d8c69739a00,2023-12-09 17:26:59.000 UTC,ethereum
0xb04e030140b30c27bcdfaafffa98c57d80eda7b4,2023-12-09 17:26:35.000 UTC,ethereum
0xaf8d1839c3c67cf571aa74b5c12398d4901147b3,2023-12-09 17:25:59.000 UTC,ethereum
0xaf4c0b70b2ea9fb7487c7cbb37ada259579fe040,2023-12-09 17:25:35.000 UTC,ethereum
0xaeaac358560e11f52454d997aaff2c5731b6f8a6,2023-12-09 17:25:11.000 UTC,ethereum
0xa7e5d5a720f06526557c513402f2e6b5fa20b008,2023-12-09 17:24:23.000 UTC,ethereum
0xa60c772958a3ed56c1f15dd055ba37ac8e523a0d,2023-12-09 17:23:59.000 UTC,ethereum
0xa5c2254e4253490c54cef0a4347fddb8f75a4998,2023-12-09 17:23:35.000 UTC,ethereum
0xa160cdab225685da1d56aa342ad8841c3b53f291,2023-12-09 17:23:11.000 UTC,ethereum
0xa0e1c89ef1a489c9c7de96311ed5ce5d32c20e4b,2023-12-09 17:22:59.000 UTC,ethereum
0x9f4cda013e354b8fc285bf4b9a60460cee7f7ea9,2023-12-09 17:22:11.000 UTC,ethereum
0x9ad122c22b14202b4490edaf288fdb3c7cb3ff5e,2023-12-09 17:19:59.000 UTC,ethereum
0x94c92f096437ab9958fc0a37f09348f30389ae79,2023-12-09 17:19:47.000 UTC,ethereum
0x94be88213a387e992dd87de56950a9aef34b9448,2023-12-09 17:19:35.000 UTC,ethereum
0x94a1b5cdb22c43faab4abeb5c74999895464ddaf,2023-12-09 17:19:23.000 UTC,ethereum
0x910cbd523d972eb0a6f4cae4618ad62622b39dbf,2023-12-09 17:18:59.000 UTC,ethereum
0x905b63fff465b9ffbf41dea908ceb12478ec7601,2023-12-09 17:18:35.000 UTC,ethereum
0x901bb9583b24d97e995513c6778dc6888ab6870e,2023-12-09 17:17:59.000 UTC,ethereum
0x88fd245fedec4a936e700f9173454d1931b4c307,2023-12-09 17:17:23.000 UTC,ethereum
0x8576acc5c05d6ce88f4e49bf65bdf0c62f91353c,2023-12-09 17:17:11.000 UTC,ethereum
0x84443cfd09a48af6ef360c6976c5392ac5023a1f,2023-12-09 17:16:47.000 UTC,ethereum
0x83e5bc4ffa856bb84bb88581f5dd62a433a25e0d,2023-12-09 17:16:35.000 UTC,ethereum
0x833481186f16cece3f1eeea1a694c42034c3a0db,2023-12-09 17:16:11.000 UTC,ethereum
0x8281aa6795ade17c8973e1aedca380258bc124f9,2023-12-09 17:15:59.000 UTC,ethereum
0x7f367cc41522ce07553e823bf3be79a889debe1b,2023-12-09 17:15:23.000 UTC,ethereum
0x7f19720a857f834887fc9a7bc0a0fbe7fc7f8102,2023-12-09 17:14:59.000 UTC,ethereum
0x7db418b5d567a4e0e8c59ad71be1fce48f3e6107,2023-12-09 17:14:23.000 UTC,ethereum
0x797d7ae72ebddcdea2a346c1834e04d1f8df102b,2023-12-09 17:14:11.000 UTC,ethereum
0x776198ccf446dfa168347089d7338879273172cf,2023-12-09 17:13:47.000 UTC,ethereum
0x76d85b4c0fc497eecc38902397ac608000a06607,2023-12-09 17:12:59.000 UTC,ethereum
0x756c4628e57f7e7f8a459ec2752968360cf4d1aa,2023-12-09 17:12:47.000 UTC,ethereum
0x746aebc06d2ae31b71ac51429a19d54e797878e9,2023-12-09 17:12:11.000 UTC,ethereum
0x743494b60097a2230018079c02fe21a7b687eaa5,2023-12-09 17:11:47.000 UTC,ethereum
0x72a5843cc08275c8171e582972aa4fda8c397b2a,2023-12-09 17:11:11.000 UTC,ethereum
0x723b78e67497e85279cb204544566f4dc5d2aca0,2023-12-09 17:10:35.000 UTC,ethereum
0x6bf694a291df3fec1f7e69701e3ab6c592435ae7,2023-12-09 17:09:59.000 UTC,ethereum
0x653477c392c16b0765603074f157314cc4f40c32,2023-12-09 17:09:35.000 UTC,ethereum
0x610b717796ad172b316836ac95a2ffad065ceab4,2023-12-09 17:09:23.000 UTC,ethereum
0x5f6c97c6ad7bdd0ae7e0dd4ca33a4ed3fdabd4d7,2023-12-09 17:08:59.000 UTC,ethereum
0x5f48c2a71b2cc96e3f0ccae4e39318ff0dc375b2,2023-12-09 17:08:47.000 UTC,ethereum
0x5efda50f22d34f262c29268506c5fa42cb56a1ce,2023-12-09 17:08:23.000 UTC,ethereum
0x5cab7692d4e94096462119ab7bf57319726eed2a,2023-12-09 17:07:47.000 UTC,ethereum
0x5a7a51bfb49f190e5a6060a5bc6052ac14a3b59f,2023-12-09 17:07:23.000 UTC,ethereum
0x5a14e72060c11313e38738009254a90968f58f51,2023-12-09 17:07:11.000 UTC,ethereum
0x57b2b8c82f065de8ef5573f9730fc1449b403c9f,2023-12-09 17:06:47.000 UTC,ethereum
0x53b6936513e738f44fb50d2b9476730c0ab3bfc1,2023-12-09 17:06:23.000 UTC,ethereum
0x5512d943ed1f7c8a43f3435c85f7ab68b30121b0,2023-12-09 17:06:23.000 UTC,ethereum
0x538ab61e8a9fc1b2f93b3dd9011d662d89be6fe6,2023-12-09 17:05:59.000 UTC,ethereum
0x527653ea119f3e6a1f5bd18fbf4714081d7b31ce,2023-12-09 17:05:35.000 UTC,ethereum
0x502371699497d08d5339c870851898d6d72521dd,2023-12-09 17:05:23.000 UTC,ethereum
0x47ce0c6ed5b0ce3d3a51fdb1c52dc66a7c3c2936,2023-12-09 17:04:47.000 UTC,ethereum
0x43fa21d92141ba9db43052492e0deee5aa5f0a93,2023-12-09 17:04:23.000 UTC,ethereum
0x407cceeaa7c95d2fe2250bf9f2c105aa7aafb512,2023-12-09 17:03:35.000 UTC,ethereum
0x3efa30704d2b8bbac821307230376556cf8cc39e,2023-12-09 17:03:23.000 UTC,ethereum
0x3e37627deaa754090fbfbb8bd226c1ce66d255e9,2023-12-09 17:02:35.000 UTC,ethereum
0x3cffd56b47b7b41c56258d9c7731abadc360e073,2023-12-09 17:01:59.000 UTC,ethereum
0x3cbded43efdaf0fc77b9c55f6fc9988fcc9b757d,2023-12-09 16:58:47.000 UTC,ethereum
0x3ad9db589d201a710ed237c829c7860ba86510fc,2023-12-09 16:58:23.000 UTC,ethereum
0x3aac1cc67c2ec5db4ea850957b967ba153ad6279,2023-12-09 16:58:11.000 UTC,ethereum
0x39d908dac893cbcb53cc86e0ecc369aa4def1a29,2023-12-09 16:56:59.000 UTC,ethereum
0x35fb6f6db4fb05e6a4ce86f2c93691425626d4b1,2023-12-09 16:56:35.000 UTC,ethereum
0x330bdfade01ee9bf63c209ee33102dd334618e0a,2023-12-09 16:56:23.000 UTC,ethereum
0x2fc93484614a34f26f7970cbb94615ba109bb4bf,2023-12-09 16:56:11.000 UTC,ethereum
0x2f50508a8a3d323b91336fa3ea6ae50e55f32185,2023-12-09 16:55:35.000 UTC,ethereum
0x2717c5e28cf931547b621a5dddb772ab6a35b701,2023-12-09 16:55:11.000 UTC,ethereum
0x26903a5a198d571422b2b4ea08b56a37cbd68c89,2023-12-09 16:54:59.000 UTC,ethereum
0x2573bac39ebe2901b4389cd468f2872cf7767faf,2023-12-09 16:54:23.000 UTC,ethereum
0x242654336ca2205714071898f67e254eb49acdce,2023-12-09 16:53:35.000 UTC,ethereum
0x23773e65ed146a459791799d01336db287f25334,2023-12-09 16:53:11.000 UTC,ethereum
0x23173fe8b96a4ad8d2e17fb83ea5dcccdca1ae52,2023-12-09 16:52:59.000 UTC,ethereum
0x22aaa7720ddd5388a3c0a3333430953c68f1849b,2023-12-09 16:52:23.000 UTC,ethereum
0x1e34a77868e19a6647b1f2f47b51ed72dede95dd,2023-12-09 16:51:59.000 UTC,ethereum
0x1da5821544e25c636c1417ba96ade4cf6d2f9b5a,2023-12-09 16:51:23.000 UTC,ethereum
0x179f48c78f57a3a78f0608cc9197b8972921d1d2,2023-12-09 16:50:47.000 UTC,ethereum
0x1967d8af5bd86a497fb3dd7899a020e47560daaf,2023-12-09 16:50:47.000 UTC,ethereum
0x178169b423a011fff22b9e3f3abea13414ddd0f1,2023-12-09 16:50:23.000 UTC,ethereum
0x1356c899d8c9467c7f71c195612f8a395abf2f0a,2023-12-09 16:49:59.000 UTC,ethereum
0x12d66f87a04a9e220743712ce6d9bb1b5616b8fc,2023-12-09 16:49:11.000 UTC,ethereum
0x0ee5067b06776a89ccc7dc8ee369984ad7db5e06,2023-12-09 16:48:59.000 UTC,ethereum
0x0e3a09dda6b20afbb34ac7cd4a6881493f3e7bf7,2023-12-09 16:48:23.000 UTC,ethereum
0x098b716b8aaf21512996dc57eb0615e2383e2f96,2023-12-09 16:47:47.000 UTC,ethereum
0x09193888b3f38c82dedfda55259a82c0e7de875e,2023-12-09 16:47:35.000 UTC,ethereum
0x08b2efdcdb8822efe5ad0eae55517cf5dc544251,2023-12-09 16:46:59.000 UTC,ethereum
0x08723392ed15743cc38513c4925f5e6be5c17243,2023-12-09 16:46:47.000 UTC,ethereum
0x07687e702b410fa43f4cb4af7fa097918ffd2730,2023-12-09 16:46:23.000 UTC,ethereum
0x05e0b5b40b7b66098c2161a5ee11c5740a3a7c45,2023-12-09 16:45:59.000 UTC,ethereum
0x04dba1194ee10112fe6c3207c0687def0e78bacf,2023-12-09 16:45:35.000 UTC,ethereum
0x03893a7c7463ae47d46bc7f091665f1893656003,2023-12-09 16:45:11.000 UTC,ethereum
0x01e2919679362dfbc9ee1644ba9c6da6d6245bb1,2023-12-09 16:44:47.000 UTC,ethereum
0xdd4c48c0b24039969fc16d1cdf626eab821d3384,2023-12-09 16:44:35.000 UTC,ethereum
0xd96f2b1c14db8458374d9aca76e26c3d18364307,2023-12-09 16:43:59.000 UTC,ethereum
0xd90e2f925da726b50c4ed8d0fb90ad053324f31b,2023-12-09 16:43:47.000 UTC,ethereum
0xd882cfc20f52f2599d84b8e8d58c7fb62cfe344b,2023-12-09 16:43:23.000 UTC,ethereum
0xb6f5ec1a0a9cd1526536d3f0426c429529471f40,2023-12-09 16:43:11.000 UTC,ethereum
0x58e8dcc13be9780fc42e8723d8ead4cf46943df2,2023-12-09 16:42:47.000 UTC,ethereum
0x4736dcf1b7a3d580672cce6e7c65cd5cc9cfba9d,2023-12-09 16:41:59.000 UTC,ethereum
0x983a81ca6fb1e441266d2fbcb7d8e530ac2e05a2,2023-12-09 16:41:11.000 UTC,ethereum
0x97b1043abd9e6fc31681635166d430a458d14f9c,2023-12-09 16:40:11.000 UTC,ethereum
0x961c5be54a2ffc17cf4cb021d863c42dacd47fc1,2023-12-09 16:39:47.000 UTC,ethereum
0x931546d9e66836abf687d2bc64b30407bac8c568,2023-12-09 16:39:23.000 UTC,ethereum
0x8589427373d6d84e98730d7795d8f6f8731fda16,2023-12-09 16:39:11.000 UTC,ethereum
0x7ff9cfad3877f21d41da833e2f775db0569ee3d9,2023-12-09 16:38:47.000 UTC,ethereum
0x77777feddddffc19ff86db637967013e6c6a116c,2023-12-09 16:38:35.000 UTC,ethereum
0x722122df12d4e14e13ac3b6895a86e84145b6967,2023-12-09 16:37:59.000 UTC,ethereum
0x6f1ca141a28907f78ebaa64fb83a9088b02a8352,2023-12-09 16:37:47.000 UTC,ethereum
0x6be0ae71e6c41f2f9d0d1a3b8d0f75e6f6a0b46e,2023-12-09 16:37:35.000 UTC,ethereum
0x6acdfba02d390b97ac2b2d42a63e85293bcc160e,2023-12-09 16:36:59.000 UTC,ethereum
0x67d40ee1a85bf4a4bb7ffae16de985e8427b6b45,2023-12-09 16:36:47.000 UTC,ethereum
0x54a71549cc3bb5fbfe851226e1bb920ad4f5415e,2023-12-09 16:36:23.000 UTC,ethereum
0x530a64c0ce595026a4a556b703644228179e2d57,2023-12-09 16:36:11.000 UTC,ethereum
0x48549a34ae37b12f6a30566245176994e17c6b4a,2023-12-09 16:35:35.000 UTC,ethereum
0x38735f03b30fbc022ddd06abed01f0ca823c6a94,2023-12-09 16:35:23.000 UTC,ethereum
0x308ed4b7b49797e1a98d3818bff6fe5385410370,2023-12-09 16:35:11.000 UTC,ethereum
0x2f389ce8bd8ff92de3402ffce4691d17fc4f6535,2023-12-09 16:34:59.000 UTC,ethereum
0x19aa5fe80d33a56d56c78e82ea5e50e5d80b4dff,2023-12-09 16:34:47.000 UTC,ethereum
0x169ad27a470d064dede56a2d3ff727986b15d52b,2023-12-09 16:34:35.000 UTC,ethereum
0x0836222f2b2b24a3f36f98668ed8f0b38d1a872f,2023-12-09 16:33:59.000 UTC,ethereum
0x59d8d24c612ba63b0de09d0b67daf13a1d759016,2023-12-09 02:46:11.000 UTC,ethereum
0xbd02338683c7517344d73fa9bf404c7fe17d33dd,2023-12-09 02:45:47.000 UTC,ethereum
0x9bb6e6c28b5c9eaf1687f21c668c935eae782db3,2023-12-09 02:45:35.000 UTC,ethereum
0xf9ec43544a768209fef5748566835552c9d39002,2023-12-09 02:45:11.000 UTC,ethereum
0xeffad5637219d8d785bacaef279f3e41d46c3368,2023-12-09 02:44:47.000 UTC,ethereum
0x17fa86f39f2ca8b6defed4d2d3fa095ebeb435a0,2023-12-09 02:43:59.000 UTC,ethereum
0x961b6fab6281bb760c9114c3ea92f9897a963ff0,2023-12-09 02:43:47.000 UTC,ethereum
0x4702a667220ab3692c656c931c22edf7544325dc,2023-12-09 02:42:59.000 UTC,ethereum
0x28373011e57acd831bfafd1d1fff18b09e3c109e,2023-12-09 02:41:11.000 UTC,ethereum
0xb64059da2425c87208317f3839db5acec4538b20,2023-12-04 22:23:11.000 UTC,ethereum
0xf47ac669ef5e761a528fee324c1faf09e8133f05,2023-12-04 22:22:47.000 UTC,ethereum
0x6a39f8f228e8210f4ff490a4928ccde95bb74552,2023-12-04 22:22:35.000 UTC,ethereum
0x6d56c2e163f8b377002c2df31e44db687474e3fc,2023-12-04 22:22:11.000 UTC,ethereum
0x5198029e2f40c6893232316b25a5aa0fe9492ee3,2023-12-04 22:21:59.000 UTC,ethereum
0x81a4869e941ca22d1a0ecff934abf87976d4578a,2023-12-04 22:21:35.000 UTC,ethereum
0x24b523668e0e612d94fc42e284636c4ae94a225d,2023-12-02 18:53:35.000 UTC,ethereum
0x5194a3e82eb92896e63d50232d2292cbb716ed70,2023-12-01 20:24:59.000 UTC,ethereum
0x02a750266ea16ad4f4d02556822503a1658cd5c4,2023-12-01 20:24:47.000 UTC,ethereum
0x6b652471f738aa92ce34619855695e21b78c2fde,2023-12-01 20:24:35.000 UTC,ethereum
0xe4713dd1f6ccf68dacb8124892a255d8edd22aaa,2023-12-01 20:24:23.000 UTC,ethereum
0xbc7a1975000829e91b171739d3213eb497e543b0,2023-12-01 20:23:59.000 UTC,ethereum
0x90a67ea01ffd28c08ddc7423dddc3a6420399411,2023-12-01 20:23:47.000 UTC,ethereum
0x7598177878d1fd0a6505c31b222f94bf8703a576,2023-12-01 20:23:23.000 UTC,ethereum
0x6fbd9cd84bb87393acc20ce666702dce8a998e02,2023-12-01 20:23:11.000 UTC,ethereum
0x0012da9ac0dc5f5df0179e606b9759c3394f5b21,2023-12-01 20:22:59.000 UTC,ethereum
0x8a651e9e12569d1a1ec3567b9beaf2285a80fed6,2023-12-01 20:22:47.000 UTC,ethereum
0x2eee951f0f8c70e3185640b77686a2361916716f,2023-12-01 20:22:35.000 UTC,ethereum
0xd8962b5e646f819e19d7b6b4973a1e424278dcfc,2023-12-01 20:22:23.000 UTC,ethereum
0xa26e9795af46d9d85762f016664b8d4fe4189a03,2023-12-01 20:21:59.000 UTC,ethereum
0xd8500c631dc32fa18645b7436344a99e4825e10e,2023-12-01 20:21:35.000 UTC,ethereum
0x212240e6a4ba1f079d5eb324ec5c5b66675a132e,2023-12-01 20:21:23.000 UTC,ethereum
0xb4ff83cc6a694ac7985554005fba890185ae1043,2023-11-30 13:47:47.000 UTC,ethereum
0x4459c69573d9c959c1265bf96890daa1d9aa2566,2023-11-30 13:47:23.000 UTC,ethereum
0xd6d6797c28528a6697ea3e3d722324e8af12d254,2023-11-28 22:25:23.000 UTC,ethereum
0x3c0b13d7b8aca92b7be17152c257eb38e26e505b,2023-11-23 15:02:11.000 UTC,ethereum
0xab96f51d42c4ea49a4ba1f943ee2433f00416101,2023-11-20 13:40:47.000 UTC,ethereum
0x054873dd43a91f30c16dcce4efc5c78dd7b1d979,2023-11-20 13:40:35.000 UTC,ethereum
0x0091ca0530302dd8553f1d20bbc9f399095ff31b,2023-11-20 13:40:23.000 UTC,ethereum
0x66dd9a8b54d1adb52f1d010f8cb3aa5029e1f20f,2023-11-20 13:40:11.000 UTC,ethereum
0xe8b70004afc5dca508bb75abd0a3456d55050e50,2023-11-20 13:39:59.000 UTC,ethereum
0x41a866b3884c51b8ffde4fbeb54f9ea56c39aa70,2023-11-20 13:39:47.000 UTC,ethereum
0x31752c31bade15c6d3512f3d0872e0acf4e78d50,2023-11-20 13:39:35.000 UTC,ethereum
0x88b4fa4036879a4ed3640193fe2fbd9bcf92f6cb,2023-11-20 13:39:11.000 UTC,ethereum
0x212e2f551d57567a2659275c7c5282368aee92b1,2023-11-20 13:38:59.000 UTC,ethereum
0x41689299a9054dc20672b962ba9410e6146b9103,2023-11-20 13:38:35.000 UTC,ethereum
0xa8480e38101f54663e668de5bf1dfcfc541174a3,2023-11-20 13:38:23.000 UTC,ethereum
0x5525ab42b81efec88470eb016034c70ff5a61e25,2023-11-20 13:38:11.000 UTC,ethereum
0xe6bb8bc402657e0a2c550c5f5766568f0712f06f,2023-11-20 13:37:59.000 UTC,ethereum
0x7b520075b086b199c7675d5336954157f8a92eed,2023-11-20 13:37:35.000 UTC,ethereum
0x82d70d762e5699c3a0280d10c22716e474cb74e6,2023-11-20 13:37:11.000 UTC,ethereum
0xc26855ffa54fc32faf46c75ebc18edb6351d1c31,2023-11-20 13:36:47.000 UTC,ethereum
0xf4b35c620b37c8c2d7fa16e25cdf15ddee0f78ff,2023-11-20 13:36:23.000 UTC,ethereum
0xc97794a84e1a309990c3cc95c48b26f4d082b810,2023-11-20 13:35:59.000 UTC,ethereum
0x3a523faab282fcc91b0983b47e504125d2ad4c2c,2023-11-20 13:35:35.000 UTC,ethereum
0x56abaabb6aa5cf7dfcb8235ac1295c903198ea85,2023-11-20 13:35:11.000 UTC,ethereum
0xe5f3a260b6adf7ac7396bd435497dc94c022d589,2023-11-20 13:34:59.000 UTC,ethereum
0xa161e9517685525e559c332ef543d291318f7413,2023-11-20 13:34:35.000 UTC,ethereum
0xa027ccf0deb53eeb38819e4b3a0d7739fd6cd042,2023-11-20 13:34:23.000 UTC,ethereum
0x2eb822d2f47c69f6a67f356a35bc5ba4f951fa65,2023-11-20 13:34:11.000 UTC,ethereum
0x1276b06a26ca6324fdab57a6aab476b04e3c6338,2023-11-20 13:33:59.000 UTC,ethereum
0x7ce2ccda4c96042b4e54ca11987e1cd6449d5b7f,2023-11-20 13:33:47.000 UTC,ethereum
0x8fdd937990ed83c30b9712118d1bd58d55c836d7,2023-11-20 13:33:23.000 UTC,ethereum
0xbcdd83677b98df3fc56b9f900a5ff0532121b9a6,2023-11-20 13:33:11.000 UTC,ethereum
0x6f22d8209d783ae8fa85e1fa09413c1e3ad8ce83,2023-11-20 13:32:47.000 UTC,ethereum
0xec86890060b4789d8afb2e09f3e85b10ae920a73,2023-11-20 13:32:35.000 UTC,ethereum
0xc7c8f8284c5360d0086a2f0a05bdd07afde23246,2023-11-20 13:32:23.000 UTC,ethereum
0xcab9a8391f765f6beda0b5bad434b10985bdaad0,2023-11-20 13:32:11.000 UTC,ethereum
0x564e11ace70bfe6c943a973f1289faa6e8a0fe16,2023-11-20 13:31:47.000 UTC,ethereum
0x82e1d4ddd636857ebcf6a0e74b9b0929c158d7fb,2023-11-20 13:31:35.000 UTC,ethereum
0x0b5453635e5325f5385ca1643c9e9eb173f9d5a8,2023-11-20 13:31:11.000 UTC,ethereum
0x99ebaf3661065dc1e44feff4b80365678bdff6ce,2023-11-20 13:30:59.000 UTC,ethereum
0xc76afbf0f69ae9be5d855239c50673252cf3f26b,2023-11-20 13:30:11.000 UTC,ethereum
0x6d876eac54f4fc6d3523b83ded578c67cc704ecb,2023-11-17 13:25:11.000 UTC,ethereum
0x5018cf5f48a09c46b4833890cc2cf0df2533d16a,2023-11-10 13:31:35.000 UTC,ethereum
0xfa92bd55b1aac63f704cacc381a6cef2e6776ec7,2023-11-10 00:02:11.000 UTC,ethereum
0xa6fbe3a6d5b8237fc8d1f91a2f852f77e2a8591c,2023-11-10 00:01:47.000 UTC,ethereum
0x7913e50983f0ce6c2ce54aa873db0a87f87486ea,2023-11-10 00:01:35.000 UTC,ethereum
0x7952eb6ae8b7c7038a3f8915520cf86cff065493,2023-11-09 18:57:23.000 UTC,ethereum
0xe86efa0f1256f7461770f459c8d17b67fa6d47c7,2023-11-09 18:27:23.000 UTC,ethereum
0x5c6d81b752b7c42c7797d05916298e4a7c597454,2023-11-09 18:27:23.000 UTC,ethereum
0xfd5b20209508a13205b2e3f9d221d9e719345671,2023-11-09 18:27:23.000 UTC,ethereum
0x8569167ee0ba79cfafd2501aeec1c4de5127085c,2023-11-06 19:40:35.000 UTC,ethereum
0xfde9ed5484233f2e2dd16b135b1ee6c3d6d80679,2023-11-03 22:51:23.000 UTC,ethereum
0xf149c1b7e829bd87f9768eb32717fb8a82fded6f,2023-11-02 21:40:11.000 UTC,ethereum
0x673c1243844250719262d9950582b39d1726e151,2023-11-02 21:39:59.000 UTC,ethereum
0x9aa998ee454c4562555daf3ac94908f1dcfb7033,2023-10-31 22:35:47.000 UTC,ethereum
0x83864a986e9ac2e66d4cdadf7a08748fd62fb215,2023-10-31 22:35:35.000 UTC,ethereum
0x6f2dc921de69ae6d901f5e2a400562f2fd724164,2023-10-31 22:35:11.000 UTC,ethereum
0x9be9dd1feb1d4bacdc620df52606181ce95b929f,2023-10-31 22:34:47.000 UTC,ethereum
0xb814072ccd2613af671494303b5570c438e91ffb,2023-10-31 22:31:35.000 UTC,ethereum
0x9ebbbfa8bedb6edf63061a7d232f25932b67b8a4,2023-10-31 22:31:23.000 UTC,ethereum
0x68d914112e85ae2248478a2980849c2479361565,2023-10-31 22:31:11.000 UTC,ethereum
0x7625222d0c035c479717ef6b37a9a3ba054d7cc1,2023-10-31 22:30:47.000 UTC,ethereum
0x187bd6433fa689d05c9f3ac4273756154b6ccd4d,2023-10-31 22:30:35.000 UTC,ethereum
0x091c9e36a8a8aca4354e5f5bfa53f20fc740abd1,2023-10-31 22:17:47.000 UTC,ethereum
0xc737652f729dc051e80bb42036482303277fcdd7,2023-10-30 19:19:59.000 UTC,ethereum
0x94ade1e9e62dd30e32b557e276513be46b109dda,2023-10-30 14:19:23.000 UTC,ethereum
0x21b8d56bda776bbe68655a16895afd96f5534fed,2023-10-19 20:37:35.000 UTC,ethereum
0xd6e23f69df24dde628ac94053e55c5e1ec1f5be0,2023-10-14 12:40:35.000 UTC,ethereum
0x5435b8e637d70cfc505ed46d32c81ece1508aa65,2023-10-13 09:09:47.000 UTC,ethereum
0x175d44451403edf28469df03a9280c1197adb92c,2023-10-11 13:43:35.000 UTC,ethereum
0x5c6417f1b74d7341107dba477b2418d233a28e95,2023-10-10 15:39:11.000 UTC,ethereum
0x5dace77f5454fba5175850ee0715a61de244c6a4,2023-10-10 15:38:35.000 UTC,ethereum
0x1bc5682fc84b17d7cc643b7737ee1995bea1bc6f,2023-10-10 15:37:59.000 UTC,ethereum
0xfea020bd42b471785e4a2d2cc4ce501406944af1,2023-10-10 15:37:23.000 UTC,ethereum
0xe63322c819e2cc00095ed5f242a7249c4a92a145,2023-10-10 15:36:59.000 UTC,ethereum
0x26b2e249678a86f740925b143fad698b8d3d469d,2023-10-10 15:36:47.000 UTC,ethereum
0x76cb701f3b6ee48e44ebc6fac678b51c4067391b,2023-10-09 21:29:23.000 UTC,ethereum
0x6c1ad34ca2527e8fc3a6345a14f22a2cca705114,2023-10-09 21:28:59.000 UTC,ethereum
0xc1410f1e66a1d80b5a92b6be6a0fdf13d8a48dfb,2023-10-06 21:45:47.000 UTC,ethereum
0xd90fa48809c5bad2c0905d458b311daacbb02fe9,2023-10-06 21:43:47.000 UTC,ethereum
0x83edfa69a51bf904456a6829eb3fc223160fdaa1,2023-10-05 20:38:11.000 UTC,ethereum
0x964873bfef3bf5e2d74368114d6dae9e52e47941,2023-10-05 10:43:47.000 UTC,ethereum
0xa418ef421d558f761699b169092831fa8811e05e,2023-10-03 09:47:11.000 UTC,ethereum
0x2a63b388fa887e13063a731d8b8a703cd0f1422e,2023-10-03 09:46:59.000 UTC,ethereum
0xe92057f579abd78e65e20c3d4fc3994aa7fe1604,2023-09-27 17:07:59.000 UTC,ethereum
0x74530e81e9f4715c720b6b237f682cd0e298b66c,2023-09-14 15:48:59.000 UTC,ethereum
0x93f69a2f8767187dd5d66ba2b7789ce246b49928,2023-09-11 16:43:23.000 UTC,ethereum
0xa2605dc39f251fee606fb29adedd38cc180b0090,2023-09-07 13:57:23.000 UTC,ethereum
0x614dc691df771af462e4c0ffc93073de29738ffa,2023-09-01 16:02:11.000 UTC,ethereum
0xabc7896f534a358dc38d8524f62d67c96f46b366,2023-09-01 15:36:11.000 UTC,ethereum
0x3f42cc9bd1347ea72aaad9f897c98a3546de1df9,2023-09-01 15:35:23.000 UTC,ethereum
0x42ae1d6a320e93f119d6f136912cfa12f0799b8b,2023-09-01 15:35:11.000 UTC,ethereum
0x31549f24dc457cbe7b3833915448f3476776e774,2023-09-01 15:34:35.000 UTC,ethereum
0x4a650f44a196cc7c879470f31ff9777d4ee78779,2023-09-01 15:34:23.000 UTC,ethereum
0xc5a84124ebc9c869f0fcec7085e5697278f24b36,2023-09-01 15:33:11.000 UTC,ethereum
0x2adb3c71caae22fb7bad6e3cda50d007c1e29797,2023-08-30 06:37:59.000 UTC,ethereum
0x76f5fddaf53ac7a76a6596fa7aafb75f7e8eff7d,2023-08-25 18:14:23.000 UTC,ethereum
0x26e0d078aac76c9ba2b348825b413744a82a2cfd,2023-08-25 18:14:11.000 UTC,ethereum
0x9c220048401fa6819e59a15e67d96ceffb9043ac,2023-08-25 18:13:47.000 UTC,ethereum
0x3d7cfda9254a05d3eeae06ab2a7c46b8e950d744,2023-08-25 18:13:35.000 UTC,ethereum
0x8429e2622b7aefef5ddc493126020e8f7dd438aa,2023-08-22 17:31:47.000 UTC,ethereum
0x788bc56b67c289399cd6e2022f0d76484f04724a,2023-08-11 17:30:47.000 UTC,ethereum
0x151f30bad389982b1fad9066970128973597b5ae,2023-08-10 14:35:11.000 UTC,ethereum
0xd090aec3ce5654c355e9f5e6d63f1fc01c3275d6,2023-08-10 14:34:47.000 UTC,ethereum
0xd91400601e87778bf5e0dc15832c31ead8938266,2023-08-06 12:40:47.000 UTC,ethereum
0xef2797225acef65d583f157bbaf023c290d0e7db,2023-08-04 16:10:11.000 UTC,ethereum
0x3297603933c150f30cb94484cd5604f7e71a5e13,2023-08-04 16:09:47.000 UTC,ethereum
0x6239003391d554ecb3f03bd8d95fd0854c7bcc37,2023-08-01 14:08:11.000 UTC,ethereum
0x21c624157a87c13b482fb2478e52551f22906f8f,2023-08-01 14:07:47.000 UTC,ethereum
0x3c74bc3a3b243e600fdd41a605300ac2eac2572f,2023-08-01 14:07:23.000 UTC,ethereum
0xa7bf48749d2e4aa29e3209879956b9baa9e90570,2023-08-01 07:07:35.000 UTC,ethereum
0x35dedb09089938a44994160dcbd971c91335c556,2023-07-28 17:18:23.000 UTC,ethereum
0x7b35e857e51db94638907dd99de7cc33c07bd11d,2023-07-28 17:17:59.000 UTC,ethereum
0x598074513aff45ffc882069f9a7314285c51177b,2023-07-18 21:26:59.000 UTC,ethereum
0x6e927f04a0280e5303017e5f51990d80975770dd,2023-07-14 21:33:11.000 UTC,ethereum
0xdd98ec2d39d7e002b4b359ccce0f36243384547b,2023-07-14 21:32:59.000 UTC,ethereum
0x9d5765ae1c95c21d4cc3b1d5bba71bad3b012b68,2023-07-08 07:18:47.000 UTC,ethereum
0x48bead89e696ee93b04913cb0006f35adb844537,2023-07-08 07:18:35.000 UTC,ethereum
0x3aa05b4fae5b011f4554401975de0e01f96bd576,2023-07-06 18:31:23.000 UTC,ethereum
0x7bec98609cb6378d6f995e8f8097ee78376fbec9,2023-07-06 18:28:23.000 UTC,ethereum
0x3b9fb7099a4fabcf25c5711f3e2d2769039aeb30,2023-07-06 18:27:47.000 UTC,ethereum
0xedf995d46880848785efad1fc8dc327387640bf8,2023-07-06 18:27:11.000 UTC,ethereum
0x022881fa6c49ec691296bc9d971a1854534c3113,2023-07-06 18:26:59.000 UTC,ethereum
0x49f2145d6366099e13b10fbf80646c0f377ee7f6,2023-07-06 18:26:47.000 UTC,ethereum
0x33079f1310119bd4d93bbc332308c408cc2f8571,2023-07-06 18:20:47.000 UTC,ethereum
0x8765b1a0eb57ca49be7eacd35b24a574d0203656,2023-07-06 18:20:23.000 UTC,ethereum
0x2fa5daf6fe0708fbd63b1a7d1592577284f52256,2023-07-06 18:19:35.000 UTC,ethereum
0x0000000000000000000000000000000000000c39,2023-07-06 18:19:23.000 UTC,ethereum
0x4042052e9f32f53030838baf86a51b4b65b64b93,2023-07-06 18:18:35.000 UTC,ethereum
0x9b6e4aeb0d5118e876e3c8daa45e9446cb937b54,2023-07-06 18:17:59.000 UTC,ethereum
0xacfa9310c6235f4e67ab9c9469581d058010e51c,2023-07-06 18:17:11.000 UTC,ethereum
0xbba821d92c3c67a51dbd07eb30f4ab2a8637feeb,2023-07-06 18:16:47.000 UTC,ethereum
0x5b1bc9345cbac7e0184cc7a6a85e776c814b95c6,2023-07-05 15:05:23.000 UTC,ethereum
0xfe61d6a050f2cd0610502f8791a25ecb3dec33f4,2023-06-26 20:07:23.000 UTC,ethereum
0x0f9c5c6da70d7fbe606e9ab2dc08082261407636,2023-06-22 07:08:35.000 UTC,ethereum
0x5e60ca67be076e1175022fbbf5c03f5ef85811d5,2023-06-22 07:08:23.000 UTC,ethereum
0x29eeb0b4279994de8f1f6f8a36fdc2a109e280cd,2023-06-21 16:08:59.000 UTC,ethereum
0x3fdee67c0c22b04628c6ca687b356d3b4975efba,2023-06-19 11:03:47.000 UTC,ethereum
0x16be09fb45e3c13a9e8f3293a51e1de8aa24209e,2023-05-31 15:55:47.000 UTC,ethereum
0xda0afba3513ae99729dabe4cc7b17340a6390694,2023-05-31 15:55:23.000 UTC,ethereum
0x38f092c16722d1e9c8353a43b4f86f0cada77d6c,2023-05-31 15:55:11.000 UTC,ethereum
0x5313466d94678524dc877aa78056cddecf3ae53d,2023-05-31 15:54:59.000 UTC,ethereum
0xb4a4422f1d9e153e5009b845d44bcecdbd1576a9,2023-05-31 15:54:35.000 UTC,ethereum
0x0c51498f3ae1a0cfe696820a1b4e9af85b918bc6,2023-05-27 21:10:35.000 UTC,ethereum
0x08c3fd4ae6a596083a528614d71e17c2ff2f4b8e,2023-05-27 21:10:23.000 UTC,ethereum
0xeb53f63ff2c8f576de0752d0fb603ddc79318b26,2023-05-27 21:09:59.000 UTC,ethereum
0x8bebb5bc4f8ee9d2978e70c5dc178543fb9dc0d9,2023-05-27 21:09:35.000 UTC,ethereum
0xa5f174e44bfc964624c87f4c51c861269c5d2b38,2023-05-24 15:09:59.000 UTC,ethereum
0x6ff05ab2f2e47a9ca5d4d8ffc8b3e163e6a74876,2023-05-14 07:52:35.000 UTC,ethereum
0xa4579b13f5c1ff919d9971188f423d8aa4521f1a,2023-05-14 07:52:23.000 UTC,ethereum
0xca48f98a3864f9703cf44438aff40db38e14288c,2023-05-14 07:51:59.000 UTC,ethereum
0xb648ad8e063ddaf2892d0d05eee6db5ce7188326,2023-05-11 20:35:11.000 UTC,ethereum
0x8d1584260a692ed2f92d884c7a36f35cc800db1e,2023-05-09 21:11:59.000 UTC,ethereum
0xc97277346ddff4549a48b62cf711fd9621d4f86b,2023-05-09 21:11:35.000 UTC,ethereum
0x4cd05d0634697276a6fda7b7de2afb0123444d08,2023-05-09 21:11:23.000 UTC,ethereum
0xdf90ce24ae7fec99810f9169a017769a536b50df,2023-05-09 21:10:59.000 UTC,ethereum
0x6069c9223e8a5da1ec49ac5525d4bb757af72cd8,2023-04-21 21:39:35.000 UTC,ethereum
0x87f7a1b09a00a512c1825ee8a6649f8f23f5fa3d,2023-04-21 16:26:59.000 UTC,ethereum
0xa0ecd7f12b2f6baba85eff448211cee1426833c8,2023-04-21 16:26:23.000 UTC,ethereum
0xfb2a4dde9bc583f33a262bf108aed3af7cddbdd9,2023-04-21 16:25:47.000 UTC,ethereum
0x52c625b3920bb70e3a12daa2895eb0dbfebddf85,2023-04-21 16:25:11.000 UTC,ethereum
0x5dfbd56d0ae08063573478da2916b87ca69b5f92,2023-04-17 17:11:23.000 UTC,ethereum
0x007fc370e968932ae9a596261086476550a8b712,2023-04-12 17:50:23.000 UTC,ethereum
0x3c98d617db017f51c6a73a13e80e1fe14cd1d8eb,2023-04-10 17:49:23.000 UTC,ethereum
0x23fc72be7f0e751b2c6c8ec7d347f69dab630504,2023-04-06 16:14:59.000 UTC,ethereum
0x32854585d620b74733430796d5a5ddd4085e3c10,2023-04-06 16:14:35.000 UTC,ethereum
0xdd8a10df4c86a3584d3ef970bbcd85391c8117ab,2023-04-06 16:14:11.000 UTC,ethereum
0xbeb0036bc0939d805bb9fcfec704af3cb7c29ba5,2023-04-06 16:13:35.000 UTC,ethereum
0x93d0a6b272ad0c02a6f6f40140ee7cce03a75435,2023-04-05 16:36:35.000 UTC,ethereum
0x80edf323dd0f0a67464d10c6f491c2c49891cb64,2023-04-04 06:09:59.000 UTC,ethereum
0x1c097e02bcd6cd69946663ace4bc0b115e256bac,2023-03-31 22:11:59.000 UTC,ethereum
0x3e24f610639e105173003ef1c47dc4dbaa33f8d7,2023-03-31 22:11:35.000 UTC,ethereum
0x6e2f0deab1c358547b353342524489e32640d530,2023-03-31 22:11:23.000 UTC,ethereum
0x15824de78a61a8b493ccd8a48e58463536b17028,2023-03-31 22:10:59.000 UTC,ethereum
0xfb1a915a2a8ea147431e87655f867373defc0977,2023-03-30 18:19:35.000 UTC,ethereum
0xeb378d1b8f9cafa573494b64156429aad000de0c,2023-03-30 06:35:23.000 UTC,ethereum
0xcf95f287e2856c34130b9d31859f3b2c29b45d50,2023-03-24 17:59:23.000 UTC,ethereum
0x7c214b43350b51b8c2b72c0c2b10b764fc9774c6,2023-03-24 17:59:11.000 UTC,ethereum
0x9404a2cbd5e46b91e814909c49fa071f31c86b7d,2023-03-24 17:58:11.000 UTC,ethereum
0xb8c348f248ad0493ae2e6640d30ce3986413af23,2023-03-24 17:57:47.000 UTC,ethereum
0x1bdd6956015976209e34e5f47c574a0f2ca9bd87,2023-03-24 17:56:47.000 UTC,ethereum
0x38a7ad1b9c79446428297932aa2b14875b5a4ebe,2023-03-18 16:28:47.000 UTC,ethereum
0xafff1c3534880ff1d9e99c1ce64b4f3189452f03,2023-03-14 19:06:47.000 UTC,ethereum
0x9b3029657a63ca0f8c4cdbb29848acb356ce5282,2023-03-14 19:06:11.000 UTC,ethereum
0x08f931d4b4c587d39d49899d2b7f9818e2dd282f,2023-03-14 19:05:47.000 UTC,ethereum
0xf7cf70461fa385d5344566b71a26b5da09ec54f1,2023-03-09 18:09:47.000 UTC,ethereum
0x5707aa6944e357cea1a25ff991fb3a2e60268ab5,2023-03-03 21:44:23.000 UTC,ethereum
0x4f47bc496083c727c5fbe3ce9cdf2b0f6496270c,2023-03-03 21:44:11.000 UTC,ethereum
0xb389b4b4a8a6e267ca0712321cdca5c856ef8a72,2023-03-03 21:43:47.000 UTC,ethereum
0x188301e12db86560dcc87b1f06a4c1e6c285c620,2023-02-27 16:34:23.000 UTC,ethereum
0x13e19ace56c9efbcd3d27f34bf09baad1ef47bc9,2023-02-27 16:33:59.000 UTC,ethereum
0x6a67ecf57bf9f97671785b38ad3df85b6c683bdc,2023-02-27 13:03:59.000 UTC,ethereum
0xeaf679018daecf16646be3c7453b26286fdb15a4,2023-02-27 13:03:47.000 UTC,ethereum
0x450195a34602fa0f8f1eaa82646abead93641953,2023-02-23 18:56:59.000 UTC,ethereum
0xec565af969ac889387a73844c2ab07ad17e2793a,2023-02-20 16:21:35.000 UTC,ethereum
0xca830317146bfdde71e7c0b880e2ec1f66e273ee,2023-02-20 16:20:11.000 UTC,ethereum
0xccdf467e545577f0f3631796dfdc88df5ccaadfa,2023-02-20 16:19:47.000 UTC,ethereum
0xa38450b7503f33c803b43539485df45377758e17,2023-02-20 16:19:23.000 UTC,ethereum
0x757a22bd624b91fd86db87b9973fe71d1c262588,2023-02-17 18:11:59.000 UTC,ethereum
0xa559beab731644cdea7a0c240fac1bf0b470fa28,2023-01-30 22:53:47.000 UTC,ethereum
0x386a6517171542a5e9d58ff8e6acf4217e18ee57,2023-01-20 02:06:35.000 UTC,ethereum
0x741564f5563abbe85f1b091eb39e38c000cb3e70,2023-01-18 22:05:59.000 UTC,ethereum
0xc2111e551c38271931f151ab29aa7af16193899b,2023-01-18 22:05:35.000 UTC,ethereum
0xc5b501ebdb183e3d278ff052fc905c796473b045,2023-01-17 19:29:35.000 UTC,ethereum
0xcb3233656fb55dff106de50a4a42d9eb6339de9b,2023-01-17 19:29:11.000 UTC,ethereum
0x51710b457852a08ea07404b9a61f2ab3e352197a,2023-01-17 19:28:47.000 UTC,ethereum
0x321df98447b5a2518c30e55a40fc1450c57d3533,2023-01-06 17:07:59.000 UTC,ethereum
0x96610186f3ab8d73ebee1cf950c750f3b1fb79c2,2023-01-06 16:32:11.000 UTC,ethereum
0x1d35d77087b5998644e5180ce0b5867b44757f21,2023-01-06 16:31:47.000 UTC,ethereum
0x06f406e7963bec67c5f89d97ae4d085acc3ccd1d,2023-01-06 16:29:59.000 UTC,ethereum
0xc6e219799eb852f034601d5f00b2cecb3cda1c2e,2023-01-06 16:29:47.000 UTC,ethereum
0x010da518c1aa53517ef87062dddccf018949b6dd,2023-01-06 16:29:35.000 UTC,ethereum
0x7679a8b5e13db0f549672b18d76751db5092ea58,2023-01-06 16:29:11.000 UTC,ethereum
0x1fe24f25b1cf609b9c4e7e12d802e3640dfa5e43,2023-01-06 16:28:47.000 UTC,ethereum
0x15148d99cb8ca101296ef8a5203954ffc5718b3a,2023-01-06 16:27:59.000 UTC,ethereum
0xf510e53ef8da4e45ffa59eb554511a7410e5efd3,2023-01-06 16:25:59.000 UTC,ethereum
0x93d1b565f47319d0511a050fbd14d4a775b5873a,2023-01-06 16:25:11.000 UTC,ethereum
0x36fc866dce5268d68c1ae91ede771cf57887851b,2023-01-05 18:24:59.000 UTC,ethereum
0xfdd690dc9be605531cf5921ec09896faa3f0049e,2022-12-23 20:32:11.000 UTC,ethereum
0xe61ed31891d9fbdcc92d8705fdec92a2482960f7,2022-12-12 22:50:11.000 UTC,ethereum
0xfb3024a054816c9a68469bf0fea62a68614bbc2b,2022-12-08 19:53:23.000 UTC,ethereum
0x87b220c084466dd429f9fc767f53592f35ec94bb,2022-11-25 16:08:59.000 UTC,ethereum
0x200f8f5135b90d75d54ecbe34367343f77867096,2022-11-25 02:25:35.000 UTC,ethereum
0xe1c63ef1a2f00840cba26d13249a247bc8ad40bf,2022-11-04 22:18:11.000 UTC,ethereum
0x7a0c5bf3ac8778bd63efb914f89c048447331dab,2022-11-04 22:17:47.000 UTC,ethereum
0xe4af40b5b6a4c7ba9aacfe86a95f3da924648ac2,2022-11-04 22:17:35.000 UTC,ethereum
0xaf60ac3178567ef1a8110c0cfc4e3df68c61f3e2,2022-11-04 22:17:23.000 UTC,ethereum
0xe7875842ab5c44adbd6b82cdf7a14d23cb531e56,2022-11-04 22:16:59.000 UTC,ethereum
0x6dc301b6ea463fe17fc2548f98ef5cf78014dd21,2022-10-27 16:46:23.000 UTC,ethereum
0xcc7366793937ef8045f5554ba652c5b24b8c12e0,2022-10-27 16:45:47.000 UTC,ethereum
0x8f8a8f4b54a2aac7799d7bc81368ac27b852822a,2022-10-27 16:45:23.000 UTC,ethereum
0x1d33c71e95f452b49ba75a52f79588c48fa8731c,2022-10-24 20:25:11.000 UTC,ethereum
0x55df4ecd9066c417103f59d3ecc9b309dedfd131,2022-10-18 16:43:11.000 UTC,ethereum
0x6c3ce666a5b030e82d08881216d4aac582604f3f,2022-10-10 21:56:35.000 UTC,ethereum
0xb7a62b9729034fecfcab7ee4256a4ba983eecf7b,2022-10-10 21:54:23.000 UTC,ethereum
0xe0fe2b4c9f7d58a05b4a16b71ef8afb42557aef2,2022-10-10 21:53:59.000 UTC,ethereum
0x489a8756c18c0b8b24ec2a2b9ff3d4d447f79bec,2022-10-06 21:24:59.000 UTC,ethereum
0x8a55cafb137ef8c206d24d7efa3cc9859bf21415,2022-10-06 17:49:23.000 UTC,ethereum
0xb2a55570ae16cb8b04432790ada44d6008e1111a,2022-10-06 17:49:11.000 UTC,ethereum
0xefc1c73a3d8728dc4cf2a18ac5705fe93e5914ac,2022-10-06 17:48:59.000 UTC,ethereum
0x1659668950f84a3127b14cb4eaedf59a55fbf30c,2022-10-06 17:48:23.000 UTC,ethereum
0xf1eb12b77556c03642d882e5241ddaa3f61fe0e0,2022-10-06 17:15:35.000 UTC,ethereum
0xe75442dca4a6ce1abbf92b0fe1337498ebdf064e,2022-10-06 17:14:59.000 UTC,ethereum
0xe430ca14773ff024e245e46aa3a2cb7f993ee20c,2022-10-06 17:14:11.000 UTC,ethereum
0xbb33fd06b7e57126b7ece10242aaf3279040e36e,2022-10-06 17:13:35.000 UTC,ethereum
0xb4a2e40158a1251bb42b458371edbe9dcd6c5924,2022-10-06 17:13:23.000 UTC,ethereum
0xad0f49cc8aa54f775748c6cc25a494facd9f0d2a,2022-10-06 17:12:59.000 UTC,ethereum
0xa408546dd8078858e2b291ba6a7b26c622b8dc56,2022-10-06 16:52:59.000 UTC,ethereum
0xa3e07fd099ff52d79d743d8c0e728947db48c638,2022-10-06 16:41:23.000 UTC,ethereum
0xf4bac22ed37c2229107f7d6e4cc9d120da456496,2022-10-06 16:40:59.000 UTC,ethereum
0xf400a6f6839ae1baeb26a5fef75a1b4f544c09f3,2022-10-06 16:40:35.000 UTC,ethereum
0xeb683e618156de654ed110c06a414bfa5c3c39e4,2022-10-06 16:40:11.000 UTC,ethereum
0xdcb7ecf4e68641904ecb9a6e4e70a6fe691ab9e3,2022-10-06 16:39:59.000 UTC,ethereum
0xcd7b4175c5baffe29422fca4dd15615336f25386,2022-10-06 16:39:23.000 UTC,ethereum
0xc46242e9324097cd7a68b5fb7631ce300c7b5495,2022-10-06 16:38:47.000 UTC,ethereum
0xc10f8f4b135dcf90b35f4fd02398f845ed38c169,2022-10-06 16:38:23.000 UTC,ethereum
0xb47a6f53827171c136701c2f85cdb8b01e85919c,2022-10-06 16:37:59.000 UTC,ethereum
0xb2888d5153af19469c9b809544c13fd16ba12f7c,2022-10-06 16:37:11.000 UTC,ethereum
0xaf9539c3d46dc1ea4ae81e780ecc9c1c99ebfcc0,2022-10-06 16:36:35.000 UTC,ethereum
0xaf33b8f70e803b812e01ac67674eaeaa233f0fe1,2022-10-06 16:35:47.000 UTC,ethereum
0x9cac39efd787f1e74f1021994e0a44bfcfe0ebbb,2022-10-06 16:35:23.000 UTC,ethereum
0x9f4e279e87e4b16e0a4c482b01874382f3e627eb,2022-10-06 16:35:11.000 UTC,ethereum
0x9de910d1f817cfc0d86635903b9ddb787821773f,2022-10-06 16:34:47.000 UTC,ethereum
0x9c350fe2ae9c47fa402312cfc3f17719566a0335,2022-10-06 16:34:23.000 UTC,ethereum
0x8c955e7695c414df8999bac633751200ec554eed,2022-10-06 16:34:11.000 UTC,ethereum
0x8bc5a57188a2221f5f05ab95af367701d85d792f,2022-10-06 16:33:59.000 UTC,ethereum
0x8e5a9922f6427d05af990627b0758f4beed17adf,2022-10-06 16:33:35.000 UTC,ethereum
0x86d086d67bfc744f5992081a707be96900ac7025,2022-10-06 16:33:11.000 UTC,ethereum
0x84cbe3dbe1fb4002ea60b71dd21f32c76dc89c91,2022-10-06 16:32:47.000 UTC,ethereum
0x81eb6bd1951ad87953721efcfe5446b722bb0b9c,2022-10-06 16:32:11.000 UTC,ethereum
0x813ab3d3618420057b0d27106ae4f2a4a10ac056,2022-10-06 16:31:47.000 UTC,ethereum
0x7f4fddcc0ee2d3b8e1fa85e27a4cd8210b967980,2022-10-06 16:31:23.000 UTC,ethereum
0x75720b408dec3110d4432f9a87498261968efdc6,2022-10-06 16:30:59.000 UTC,ethereum
0x754a7d510311dd13a8909de088dd767275ff19d3,2022-10-06 16:30:35.000 UTC,ethereum
0x722d6a30631f99656f3c1a0c5e4ab486ee7b8dc6,2022-10-06 16:29:59.000 UTC,ethereum
0x715dd76ae9ddb4d03b9df071a78ecdb75c431b13,2022-10-06 16:29:23.000 UTC,ethereum
0x70dce8efe47f46fb5511e4c3aa49a59c8f0183f9,2022-10-06 16:28:59.000 UTC,ethereum
0x7085bf6f54ef6c823af247efb4d934e5ab1c18ae,2022-10-06 16:28:47.000 UTC,ethereum
0x6bb8cf7f1daf7818c0ae6db2eccc75711cb4eebb,2022-10-06 16:28:23.000 UTC,ethereum
0x6a054c13799055db287cfeb27426b4904421c28e,2022-10-06 16:27:59.000 UTC,ethereum
0x5c3cb9a9d0bc64be0bf57cd877c4f345b99b1412,2022-10-06 16:27:47.000 UTC,ethereum
0x59d0d7c64fa4616f22f832ba56d78f6dc12b3aef,2022-10-06 16:27:11.000 UTC,ethereum
0x4eaa957fdded610f13e0bb03416f0b0093b99851,2022-10-06 16:26:47.000 UTC,ethereum
0x4d4c7b8dbaef3b23248d4d22179e0a74410d3d3f,2022-10-06 16:26:23.000 UTC,ethereum
0x49f508bd95c3e7fba1678f5e486e4d9b1bcc8eeb,2022-10-06 16:25:47.000 UTC,ethereum
0x4406da9deb276e89e4a839f30b0268115b1c0183,2022-10-06 16:25:23.000 UTC,ethereum
0x3e2bf2822a6086ac0cca35f52714b953f2436f29,2022-10-06 16:24:59.000 UTC,ethereum
0x3b00d4664b9921f9f7b3d07f64401cf0a9de7213,2022-10-06 16:24:23.000 UTC,ethereum
0x384c4aa36e545d7e4edce95dbe60daba706966cf,2022-10-06 16:23:47.000 UTC,ethereum
0x3598e420d848a8661e266adc7793f2c0f13e29ff,2022-10-06 16:23:23.000 UTC,ethereum
0x3431bb7a9a1d229928a090ae21bbfad59e15df33,2022-10-06 16:22:59.000 UTC,ethereum
0x33c55d65ff2116fc1de1ad48f5bdb85d56dc3f68,2022-10-06 16:22:35.000 UTC,ethereum
0x315a3e57f294e6db9c04a0cc05f8440057d55ae1,2022-10-06 16:22:11.000 UTC,ethereum
0x2b0ba71801089f324c1d844bea921090ee350b6b,2022-10-06 16:21:59.000 UTC,ethereum
0x257aa0ff90d49808adf31326fd8aee2b6ab44ee8,2022-10-06 16:21:47.000 UTC,ethereum
0x23477020918e082ed756a6bbf5c0814e83835121,2022-10-06 16:21:23.000 UTC,ethereum
0x1b8d716f3e5b8571487cafbe16d1a3da24ba3010,2022-10-06 16:20:59.000 UTC,ethereum
0x1d211d4d043b81d1ff2793ea5f03c361c8015401,2022-10-06 16:20:11.000 UTC,ethereum
0x12ed624dbe31a7c49e4a9f8fdbb1eb3365847515,2022-10-06 16:19:59.000 UTC,ethereum
0x120826b3f10c4d5fa282d7d9c6bc31c5fbd5134f,2022-10-06 16:19:23.000 UTC,ethereum
0x0b52f217b46f53d13001b058d2be65101b691281,2022-10-06 16:18:47.000 UTC,ethereum
0x0d4487d29d825f6199c907402c8699bf7507fac6,2022-10-06 16:18:35.000 UTC,ethereum
0x0643d7ace2912ea4243c222c6156806881860dc1,2022-10-06 16:18:11.000 UTC,ethereum
0x0283bd581220fc835691380401ad89e046ad9ad3,2022-10-06 16:17:47.000 UTC,ethereum
0x021cde4419076f3d1bca2077157937e390ad72b3,2022-10-06 16:17:35.000 UTC,ethereum
0xb9e83009aa3e15ac4a6fc255c3642d8f66b9725c,2022-09-16 22:36:11.000 UTC,ethereum
0xdec1bcaa046feb7343cb7292bb1193fa2d4fd68e,2022-09-13 21:05:35.000 UTC,ethereum
0x4596d093a1faf9aa8621264e2cb3bfff518d9611,2022-09-13 13:49:12.000 UTC,ethereum
0x410a6626524b30c2e59bdb7ec81d4c154038f3e9,2022-09-13 13:40:55.000 UTC,ethereum
0x81c4d8816b29147c542dde87485608204690acf2,2022-09-01 15:29:59.000 UTC,ethereum
0xd8707f7027bbbd99485492d68928612dc2d1965a,2022-09-01 15:29:20.000 UTC,ethereum
0x815f335f976301f496167bfef237f0622f92ac38,2022-08-30 18:00:17.000 UTC,ethereum
0xa21f748436c0487ec16e09000487adc7a79cea5c,2022-08-26 14:51:50.000 UTC,ethereum
0xd98a26beeb383ea0971916b3eeb0828fcc50400d,2022-08-26 14:51:09.000 UTC,ethereum
0x87370ec2e2686952e4dfbcdde5641f03956ceebb,2022-08-26 14:51:09.000 UTC,ethereum
0xeb9478d602166d3dd9a29c7c45b1287c16ea10cc,2022-08-26 14:50:51.000 UTC,ethereum
0xbbd0e3c8f09fa8b8cf002b569dbff5a0813df177,2022-08-26 14:50:25.000 UTC,ethereum
0x5aacd0b530b2ddcaeddce6e1316650480213f423,2022-08-25 21:54:55.000 UTC,ethereum
0x089f232ce975dddf28fd9f9c6e25899cfc1d2c3c,2022-08-25 21:54:15.000 UTC,ethereum
0x0d4007851987baf974fb85abe84eeb359591186a,2022-08-22 21:34:48.000 UTC,ethereum
0x26acf10fa17175dda0105fdd80acc8eaa73103ec,2022-08-18 20:46:20.000 UTC,ethereum
0x6529cffdfbcdb1edabc46fd4e9ed35909f98c4a7,2022-08-18 20:45:55.000 UTC,ethereum
0x382ead84df105d269c2cd01314ab060e6d7e43fb,2022-08-18 20:45:07.000 UTC,ethereum
0x344d9d600e6b59a51198c00f681603cc72fd62db,2022-08-18 20:44:04.000 UTC,ethereum
0x751acef1a33fef522abd98f6e3a3c6d546c93923,2022-08-15 16:30:21.000 UTC,ethereum
0xff99567bde80b50368d83d958568a153ce9b3ff3,2022-08-15 16:30:21.000 UTC,ethereum
0x0e571d7f200b3d2b1cdd4538f8ad434ae4b7840c,2022-08-12 21:34:25.000 UTC,ethereum
0xf92aaa976ba32451aa6fceff9b61397e02ed7d2a,2022-08-12 21:34:25.000 UTC,ethereum
0x307113b50601b9e6a995ceda88fab1976ab5a0d4,2022-08-12 21:34:25.000 UTC,ethereum
0x511d50d6ee60080cc5166ab16cafede534c8d72c,2022-08-10 21:00:17.000 UTC,ethereum
0xac516d2484b4ca30c643ee839875bedfee19dfe4,2022-08-10 20:37:08.000 UTC,ethereum
0xfb9c4ab3f1ea45702b8701151b32413a017b3009,2022-08-10 20:36:57.000 UTC,ethereum
0x56b990885afdf1573767705edfb3e2963e57c64c,2022-08-10 20:25:39.000 UTC,ethereum
0x77fc179f0de44fd77c2f00dbdf4535abdb73afb0,2022-08-02 17:56:38.000 UTC,ethereum
0x067eaf82802e92256f212df8042aa64b008c12c9,2022-08-02 17:56:10.000 UTC,ethereum
0x11a187ed42116d3ced517555840634ae9e89a8ea,2022-08-02 17:55:28.000 UTC,ethereum
0x2971a0f1f152e60349ce9be43cebcff132cb5c2d,2022-07-14 21:44:25.000 UTC,ethereum
0x6655267ee0bc6511f27d4040d9074fff1a373eff,2022-07-01 15:56:41.000 UTC,ethereum
0x12a60d819c2a8012da7c561b82242cf6dbe5d7a9,2022-06-30 20:22:03.000 UTC,ethereum
0x207ef0c29c9b25d1ef276341adb17bb992262cc7,2022-06-30 20:21:37.000 UTC,ethereum
0x6f35a5e6a7301627a090822895e5e7209ed72f77,2022-06-30 19:45:52.000 UTC,ethereum
0x966bded931cc7495b264b0c4510aeec22ee96fdb,2022-06-30 19:45:05.000 UTC,ethereum
0xd53f28fc0e6789da0b816ecda96d98cd0128cfa9,2022-06-30 19:44:35.000 UTC,ethereum
0x239ca59a143558e02c84c632176a067a8bbba314,2022-06-30 19:44:00.000 UTC,ethereum
0x65c9c0db32af99885b5c4fa3ce7bb6d01d9b9a12,2022-06-30 19:43:33.000 UTC,ethereum
0x98378025e21b40583dbb2b4c6833a20f4dc972f3,2022-06-30 19:42:10.000 UTC,ethereum
0x0425d11ba2b1c8b983342a4ae9e8c4e395e1e318,2022-06-30 19:41:12.000 UTC,ethereum
0x583409a4a643b4a347d40ea0252e80f569e10d47,2022-06-30 19:40:58.000 UTC,ethereum
0xb26d406050bedcde4ce1f76c7eed02963bf11ce1,2022-06-30 19:40:21.000 UTC,ethereum
0x16dfeeaa3bc7850c9474be8b5ce418efe02af1b0,2022-06-30 19:39:20.000 UTC,ethereum
0x990180fc27e2f5109df446c579b21604ead52442,2022-06-30 19:38:23.000 UTC,ethereum
0xbdd115d14985b24aa0b6a3691ab1d60819984811,2022-06-30 19:37:32.000 UTC,ethereum
0x845839bd0f1d88966e2ee157be9e8d5a0c906f0b,2022-06-30 19:36:53.000 UTC,ethereum
0xb71897709fc66eda3f6097561deace3fd83d9c8f,2022-06-30 19:36:02.000 UTC,ethereum
0x0792c1eae810ace99005a917bdb271210a24b0a6,2022-06-30 19:34:51.000 UTC,ethereum
0xcd649f4123272f7e69d047395688226a715a083c,2022-06-30 19:34:00.000 UTC,ethereum
0x749177007d6b55f1cbfddc28b386d25f6c65c592,2022-06-30 19:33:32.000 UTC,ethereum
0x0c6cf7670ae4e45f1344e0567ffda556b5ee1932,2022-06-30 19:32:54.000 UTC,ethereum
0xf53b551dc126e92b01d6a7eb341d350df9ed0321,2022-06-30 19:32:28.000 UTC,ethereum
0x10e86900b25f500f75c0de2b9453cd2469153cbf,2022-06-30 19:32:01.000 UTC,ethereum
0xd062436fc966712503874a8f772ed3df1b43857e,2022-06-30 19:31:00.000 UTC,ethereum
0xf4e52ac88228b596c3044196352eb3e9dcc622b4,2022-06-30 19:30:30.000 UTC,ethereum
0x70a1a95178c8b8188157ba64e798184a4363d748,2022-06-30 19:30:05.000 UTC,ethereum
0x526e4783aa4be86d49b8e4a31e7394864b1a1eda,2022-06-30 19:29:48.000 UTC,ethereum
0xc66e7c1ec81f71b4e2c5032f0a33d0f167fec1c6,2022-06-30 19:29:29.000 UTC,ethereum
0xba84ac7b6909416975f9b363ccf870ef91e4b1b9,2022-06-30 19:29:01.000 UTC,ethereum
0x728e2e4123ae9f27a70642ed19d86cfc421ecdb4,2022-06-30 19:28:46.000 UTC,ethereum
0xcc6af57f7516fcbb8d2e1d045a61c0358eab64d8,2022-06-30 19:27:25.000 UTC,ethereum
0x4f1e734cfb2720ccf94345e5d90f17f8c459ce32,2022-06-30 19:27:13.000 UTC,ethereum
0x3f398a03b751c9b9f4f2fbbba5a57003a4315a01,2022-06-30 19:26:56.000 UTC,ethereum
0x399d4bd869012762832996d8817580b20db0669c,2022-06-30 19:26:11.000 UTC,ethereum
0x977a00f2c7af6e4287d73e34611ed8a2ea5e80b7,2022-06-30 19:25:10.000 UTC,ethereum
0xbc8e08ab22769ec160ceb32632a09ff36b87294c,2022-06-30 19:24:56.000 UTC,ethereum
0x26bcaf23dcdc753328d28a3dfcacc77df7e140e7,2022-06-30 19:24:28.000 UTC,ethereum
0x08914a74959101c5770a10bf0e8de495794cac23,2022-06-30 19:23:46.000 UTC,ethereum
0x6dee00aa921242af9ee53613488fb505bdf6cd2a,2022-06-30 19:22:53.000 UTC,ethereum
0xdeef423552055b554dceee741878357e7ae700fd,2022-06-30 19:22:03.000 UTC,ethereum
0x08422a6435a87362c435a234e97a068854d14fe4,2022-06-30 19:21:04.000 UTC,ethereum
0x36817c7b968160c4be0132c5985d0985893a17d3,2022-06-30 18:49:26.000 UTC,ethereum
0x69643145c3bf63605f3b797831d02a3571ab801a,2022-06-30 18:49:04.000 UTC,ethereum
0x4b9f1c01099a4ea4b5272d8f61ea6dfb0c84f3ba,2022-06-30 18:48:11.000 UTC,ethereum
0x981c0676e9e2e06d91615a87326e6edd8b250a62,2022-06-30 18:47:26.000 UTC,ethereum
0xef4e12b51f1e717bbab900b29ba34a1d6b1b37ba,2022-06-30 18:30:35.000 UTC,ethereum
0xb55b5dffd9d45b0563e644e47773d4f283137164,2022-06-30 18:28:41.000 UTC,ethereum
0xd005c14b64970959f485bccbf77324727f414706,2022-06-27 21:32:26.000 UTC,ethereum
0xdfaa18dd66f2981e9851df191fee407bfdb64200,2022-06-26 17:41:30.000 UTC,ethereum
0x4314426d87779ac81b79b643b6937c4dc3ac26b9,2022-06-24 21:55:22.000 UTC,ethereum
0xd03a4ec546266a66ff8bf0a82744df8417e75bd4,2022-06-10 07:55:01.000 UTC,ethereum
0x9ac94bf18c762cfcdbe8f435a734d3957bf05605,2022-06-08 16:31:18.000 UTC,ethereum
0xfd048960a3dfcabb959f33fd38a00120f547fb02,2022-06-08 16:30:44.000 UTC,ethereum
0x46aa7219b792c23e358c1deb7a42103129e36898,2022-05-27 19:03:04.000 UTC,ethereum
0xbba2b765ce2a8bd0daf7ac6bffb11659be21b8c0,2022-05-27 19:02:44.000 UTC,ethereum
0x0747fb95a1ad27cf1a8cc9f14768c7cc0a8f5dde,2022-05-20 17:16:55.000 UTC,ethereum
0x3b7f525dc67cca55251abb5d04c81a83a6005269,2022-05-13 11:30:55.000 UTC,ethereum
0x45ce164a3033469b77adc5a4effb134254bb127a,2022-05-11 21:16:08.000 UTC,ethereum
0x7164a643224f29d63b149d0e83c4a451892e8303,2022-05-11 21:16:08.000 UTC,ethereum
0xb064a2a76262db9ac1a4e4606ae0532b3f565db8,2022-05-03 21:51:02.000 UTC,ethereum
0x9c1aec4fa72b7c3ff135999b2087868ec85d9ed2,2022-04-19 13:55:59.000 UTC,ethereum
0xa9a466e28a593f0dcde9074ef8c319643d4d402c,2022-04-18 20:42:35.000 UTC,ethereum
0xfb0a60806cdcd2047517b777398bbea734c727e3,2022-04-16 17:52:13.000 UTC,ethereum
0x3ea8b081806a189cbc8ddc345bb184b813924ae8,2022-04-16 17:51:40.000 UTC,ethereum
0x249e38ea4102d0cf8264d3701f1a0e39c4f2dc3b,2022-04-11 15:58:26.000 UTC,ethereum
0x85f4e048bf830621c67ecf99c8f7a3b1c87df809,2022-04-11 15:57:59.000 UTC,ethereum
0x33b09d87b0e601eea026a2d6d2689a719096aefa,2022-04-11 15:56:40.000 UTC,ethereum
0xb8c50b608f20ab84344a8cd10e71bbb658c658b2,2022-04-11 15:55:14.000 UTC,ethereum
0x506dd68c3a9f51606831c2112ca524992748df9e,2022-04-01 14:12:53.000 UTC,ethereum
0x29fcc7c3e2cfc916ee3103ff3ffb4a95825151ad,2022-04-01 14:12:09.000 UTC,ethereum
0xe47ee22b3e4ea3f1270dd4345eae2f5ca569d0bc,2022-04-01 14:12:04.000 UTC,ethereum
0xd90fe5f016e7b3833b236433c625246dea612fe2,2022-04-01 14:11:34.000 UTC,ethereum
0x2bde13ac4c6dd333471186b93ab009f4c7aca6b8,2022-03-17 18:24:14.000 UTC,ethereum
0x3167f13de0c274085b6c7876b63cefdf3f743e1b,2022-03-17 18:23:30.000 UTC,ethereum
0x1a9c4c93bf60f4ccdbb1580137d7963f4cd0fc48,2022-03-17 18:22:33.000 UTC,ethereum
0x3ac53c9acceb59d37ea663ff7f57004d00f7c0f5,2022-03-17 18:21:55.000 UTC,ethereum
0x97e934b523a632651d86b32e3e34f98dc2a00ef2,2022-03-17 18:20:23.000 UTC,ethereum
0xdc9cf4cd400089b618fb78defb9e90fba815273c,2022-03-17 18:15:25.000 UTC,ethereum
0xdc98d68b2832fedc8628ff62eba2e3494449b4c2,2022-03-17 18:13:52.000 UTC,ethereum
0x26b8d4320c8c35136bd662f8648bacd316aea066,2022-03-17 18:11:55.000 UTC,ethereum
0x1d8bd9c0c0a3f4b958d4263adc7904dfdd8889d8,2022-03-17 18:09:37.000 UTC,ethereum
0xa9a274b921894b4264bb36467626b8f50c7723c5,2022-03-17 18:08:56.000 UTC,ethereum
0xf93e99907542bd3a5ac5d1f74d9945c2d748e5b2,2022-03-17 18:07:47.000 UTC,ethereum
0x84189833c6b11450fb7dbd2e0d8bd3382b4032e0,2022-03-17 17:53:39.000 UTC,ethereum
0xcb24b9db23eeb920949233a0fa2c4f3984de848f,2022-03-17 17:52:49.000 UTC,ethereum
0x0f24eafe619cabd89638b497ee06329e1c2234af,2022-03-17 17:52:14.000 UTC,ethereum
0x6303f52c03602c92b94655486acdfd3b2e77d9e2,2022-03-17 17:48:20.000 UTC,ethereum
0x04c7aa3b8d10caeba5e711b8c67d3d0aa630570c,2022-03-17 17:36:32.000 UTC,ethereum
0x7420b4b9a0110cdc71fb720908340c03f9bc03ec,2022-03-17 17:32:53.000 UTC,ethereum
0x5d8353072bc0f62dacb7e3937d4c58a808db4d0e,2022-03-17 17:32:18.000 UTC,ethereum
0x4cbc672f5c4870c455032267be1893af7e040f28,2022-03-17 17:10:03.000 UTC,ethereum
0x1321f1f1aa541a56c31682c57b80ecfccd9bb288,2022-03-17 17:06:09.000 UTC,ethereum
0x28332c6afb5100d9a9b82844fe29ff6884223c6b,2022-03-17 17:01:02.000 UTC,ethereum
0x911d86c1f9949777c942f44902bd6e6e7f251520,2022-03-17 17:00:16.000 UTC,ethereum
0xa4f5d39c95d40de4b31fba6b3c45d0f3c2d7f914,2022-03-17 16:58:06.000 UTC,ethereum
0xe5109a2af4da771beb0213fc9c794fb889ccfb92,2022-03-17 16:57:06.000 UTC,ethereum
0x7816095d41be0ef5875aa8046816ca64a506576a,2022-03-17 16:55:06.000 UTC,ethereum
0x7ea4ff532f7c90422cbc4e63250f82acbc0e59b2,2022-03-17 16:54:41.000 UTC,ethereum
0x7188465237ce13b95d593dacaad387c19b25423a,2022-03-17 16:53:14.000 UTC,ethereum
0x30106c34c8ef46a000acf888f8ea38a71e7d170d,2022-03-17 16:51:57.000 UTC,ethereum
0x4b6d1ce5887f5dbfbf91797917c1d19f912eaed2,2022-03-17 16:47:06.000 UTC,ethereum
0xa722a35622a6488c827c0e4dd9484afc3f1d8602,2022-03-17 16:46:10.000 UTC,ethereum
0xa722a35622a64bbc827c0e4dd9484afc3f1d8602,2022-03-17 16:44:27.000 UTC,ethereum
0x6a8fd46f88dbd7bdc2d536c604f811c63052ce0f,2022-03-17 16:43:31.000 UTC,ethereum
0x969315d667be52f0b4036e79253d30ac05040f94,2022-03-17 16:42:25.000 UTC,ethereum
0x00c543bf4b29c60a655b34128bed709b2b119818,2022-03-17 16:41:38.000 UTC,ethereum
0x992b97648a9aba4b0b0037c844f1d45842ce91f0,2022-03-17 16:36:43.000 UTC,ethereum
0x5cb182a51c452937abecc9e81a9663efbeb425f5,2022-03-08 19:11:03.000 UTC,ethereum
0x469e5dbfcf619f5f02631d643de99cbe8635d480,2022-03-05 18:59:38.000 UTC,ethereum
0x51d5c14c7c90c41b4c49daf0ff9def851cd2a25d,2022-03-05 18:57:26.000 UTC,ethereum
0xd37448ad7949c4ad8eba5aad1a0afdd3199971d8,2022-02-11 16:46:24.000 UTC,ethereum
0xc8d3207ab730e1efe4dcb218993e409d48ed9052,2022-01-20 19:07:04.000 UTC,ethereum
0xe1c07043104b4bcd3455a20dc804b1c9f8a5da39,2022-01-20 19:05:43.000 UTC,ethereum
0x76cd1cc6999a22903ffdc3a529086304c4bb780c,2022-01-20 19:04:17.000 UTC,ethereum
0x71259b92b69d1876975f9dd0e493a54ede73dd86,2022-01-20 19:02:13.000 UTC,ethereum
0x76cfc13743a1150c9126108fdda9d59dacd67c63,2022-01-20 19:01:14.000 UTC,ethereum
0x091bd12d1ae092aefb4e8dbcafd2982302e4d686,2022-01-20 18:56:24.000 UTC,ethereum
0x85498e42e71a4bdfe67aacde2639aaa641c4d9c9,2022-01-20 18:55:53.000 UTC,ethereum
0x69a92b37659d1682e39a403a9a2ccedaef13b77c,2022-01-20 18:55:36.000 UTC,ethereum
0x7a58c0be72be218b41c608b7fe7c5bb630736c71,2022-01-20 18:55:21.000 UTC,ethereum
0x66bd27b6a12ebc6b6ce6285c1ab351e216da86a9,2022-01-20 18:54:10.000 UTC,ethereum
0xbf3018e9efeedd69f824f101b183d444f11785ba,2022-01-20 18:50:09.000 UTC,ethereum
0xfe611c837a5a8186ee911ba654f2d3ca36075c1c,2022-01-20 18:49:57.000 UTC,ethereum
0x9e570f7c7068b4accc519dda3a92544cd5947692,2022-01-20 18:49:20.000 UTC,ethereum
0xcd1faff6e578fa5cac469d2418c95671ba1a62fe,2022-01-20 18:48:41.000 UTC,ethereum
0xa2f2d51852fffd9f4c81290ca8332a87b277724c,2022-01-20 18:48:12.000 UTC,ethereum
0xdfd438220b274d507711b107fb909395ce3824c7,2022-01-20 18:46:44.000 UTC,ethereum
0xb8c77482e45f1f44de1745f52c74426c631bdd52,2022-01-20 18:46:04.000 UTC,ethereum
0xb521d013b2613162220cdc87c92c84deacc12601,2022-01-13 16:27:32.000 UTC,ethereum
0x67ab29354a70732cdc97f372be81d657ce8822cd,2022-01-13 16:27:02.000 UTC,ethereum
0x661be0562b31e9e8ddc2a7c93803005a1c71d749,2022-01-13 16:26:09.000 UTC,ethereum
0xc390a623aabd2964dc72ed8a8f1bd26a8aabd200,2021-12-30 15:02:32.000 UTC,ethereum
0x993b904d707f3405cfe2f7eda31b5b4766c8a106,2021-12-10 18:09:51.000 UTC,ethereum
0x35663b9a8e4563eefdf852018548b4947b20fce6,2021-12-04 15:47:09.000 UTC,ethereum
0xfae5a6d3bd9bd24a3ed2f2a8a6031c83976c19a2,2021-12-04 15:46:44.000 UTC,ethereum
0x5eb95f30bd4409cfaadeba75cd8d9c2ce4ed992a,2021-12-04 15:46:09.000 UTC,ethereum
0x4847761d6576f911345ae2998397e6d4dfb2ad73,2021-11-07 13:29:24.000 UTC,ethereum
0x1ae8840ceaef6eec4da1b1e6e5fcf298800b46e6,2021-11-05 16:09:07.000 UTC,ethereum
0xafad9352eb6bcd085dd68268d353d0ed2571af89,2021-11-05 14:56:15.000 UTC,ethereum
0x6551fb9be444987f7482012cbf7ea95a1ee8dd0e,2021-11-05 14:56:00.000 UTC,ethereum
0x0acc0e5faa09cb1976237c3a9af3d3d4b2f35fa5,2021-11-05 14:55:01.000 UTC,ethereum
0x74487eed1e67f4787e8c0570e8d5d168a05254d4,2021-11-05 14:55:01.000 UTC,ethereum
0x967bb571f0fc9ee79c892abf9f99233aa1737e31,2021-11-05 14:52:42.000 UTC,ethereum
0x56ac6ba3a0dac34ceec4096a5db8fd3739a967f3,2021-11-04 15:11:01.000 UTC,ethereum
0x1fe09d4483a1c48f5eaf316fc933def5824eae82,2021-10-29 12:52:03.000 UTC,ethereum
0xa0e283a75e498fecae3a5bd0170d89b9fc26bce8,2021-10-29 12:15:59.000 UTC,ethereum
0x6f2f58817db62a31a0253495c7550444958daf17,2021-10-29 12:15:36.000 UTC,ethereum
0x1097850b35dfecd1b7e7ce9190aeba45c6c2b1e9,2021-10-29 12:14:59.000 UTC,ethereum
0x42d8568c56c44e070f51ff9d268b6388ef2f846d,2021-10-29 12:13:24.000 UTC,ethereum
0xa95662473f0bc4644dbcafdabdec17922d042def,2021-10-26 13:35:27.000 UTC,ethereum
0x9114de4df6a8d2def725c6a40f5fa9a8f4049fe5,2021-10-22 14:33:24.000 UTC,ethereum
0xb2e77a7370dfa7949bbc05f22beb1967f63dd699,2021-10-22 14:31:17.000 UTC,ethereum
0x8d411e049106ed724029649d455b12981c83dd38,2021-10-22 14:30:06.000 UTC,ethereum
0xf2a03f9503e0d754dfe8b93d962db487d20c2178,2021-10-22 14:21:33.000 UTC,ethereum
0x4e73c5f93b3de80cac4c3474039b313e2e8ae799,2021-10-22 14:19:57.000 UTC,ethereum
0x3a20f163d40c046311d1f91d015bc65bcbff671c,2021-10-22 14:19:09.000 UTC,ethereum
0xd51ca0d0f7a73ae13f3baf955837c20c7d247f99,2021-10-22 14:18:48.000 UTC,ethereum
0xc1bec32be8a68346ad9dabbb0a67ce220d43997c,2021-10-22 14:17:07.000 UTC,ethereum
0x6d4df9f6f42c07b627c5afdf01740ecd0a6fed0d,2021-10-22 14:16:11.000 UTC,ethereum
0x68c132f3cc84d7871e3f2eb9ddbfdc8afff2a677,2021-10-22 14:13:48.000 UTC,ethereum
0x63489f0a8493d84309589d75b791da315e67d35b,2021-10-22 14:12:23.000 UTC,ethereum
0x0f3b3ac549719e2d796c358a61ea26fc12ca0c6d,2021-10-22 14:12:04.000 UTC,ethereum
0x75954b2cce7726b1afba2c1bc7724348e3dd1b87,2021-10-21 17:29:26.000 UTC,ethereum
0x7b99fea8f296fd21b4fc75aac8ae602c247fb7af,2021-10-21 17:26:44.000 UTC,ethereum
0x49e48c946593d793e0ea06ceb371eeb3e5a1ea52,2021-10-21 16:43:19.000 UTC,ethereum
0xaaca86b876ca011844b5798eca7a67591a9743c8,2021-10-21 16:41:49.000 UTC,ethereum
0x1b1adcdb3502d4a92e53db16840165466f3c6236,2021-10-21 16:23:37.000 UTC,ethereum
0x0cdf9acd87e940837ff21bb40c9fd55f68bba059,2021-10-21 16:22:51.000 UTC,ethereum
0xdfdb7f72c1f195c5951a234e8db9806eb0635346,2021-10-21 16:20:47.000 UTC,ethereum
0x1a4b46696b2bb4794eb3d4c26f1c55f9170fa4c5,2021-10-21 16:19:32.000 UTC,ethereum
0x00000000000000000000000000000000000012e5,2021-10-21 16:16:14.000 UTC,ethereum
0xfb896f4ffecfb73f58f023487f26929c40160012,2021-10-21 16:14:54.000 UTC,ethereum
0x7405a6b74df0952ff97f5d7df5af9fd112eeba98,2021-10-21 16:13:59.000 UTC,ethereum
0xf3ae5d769e153ef72b4e3591ac004e89f48107a1,2021-10-21 16:12:25.000 UTC,ethereum
0xdd064d6fd70d736dc773430ac62cb5023cfcc65f,2021-10-16 07:24:21.000 UTC,ethereum
0x42476f744292107e34519f9c357927074ea3f75d,2021-10-05 08:43:32.000 UTC,ethereum
0x207ba6a35a043be0865299e2a0c86b4a44558fbf,2021-09-30 16:38:08.000 UTC,ethereum
0x15ae596e333da3f41c9e7926cd5c028f42647af4,2021-09-30 16:37:53.000 UTC,ethereum
0xdf53fb4785faeee1c0ca3997ac3bf1543da70dfd,2021-09-28 10:41:19.000 UTC,ethereum
0x0ea0a0a322576fcdf5a8b76168a1e49c5f86cf4e,2021-09-22 19:46:09.000 UTC,ethereum
0xb89d8a7c56241b550a6f8a0938bbbb2e2fe3166f,2021-09-22 19:45:47.000 UTC,ethereum
0xb85417903d68c0f1a40412a5abeed49e633ff708,2021-09-20 21:41:45.000 UTC,ethereum
0xfd4790985bba508197bd9a2fa8bca40f79af63d9,2021-09-20 21:41:30.000 UTC,ethereum
0x48a57c98f50a6a40cc064f5ee1d3283a76cb99d8,2021-09-17 16:41:58.000 UTC,ethereum
0xa14d5da3c6bf2d9304fe6d4bc6942395b4de048b,2021-08-29 15:13:47.000 UTC,ethereum
0x00c4afd0a80c3699cd31f585bdc8bd373d818123,2021-08-29 15:13:06.000 UTC,ethereum
0xa93c721ccaa299e15b3281be8fec9557f426a525,2021-08-25 16:13:12.000 UTC,ethereum
0xe803a8bc090e922aedfcbcdd1efea99582efe3c9,2021-08-17 12:26:06.000 UTC,ethereum
0x68c88fccbc6d5a218711bd897add734aeefd1270,2021-08-17 12:25:42.000 UTC,ethereum
0xc8a65fadf0e0ddaf421f28feab69bf6e2e589963,2021-08-10 13:40:35.000 UTC,ethereum
0xe16ea22554b5a99457abfbb79bdc18e3221a00a0,2021-08-05 16:28:14.000 UTC,ethereum
0xbca3ab082206c053e9133236fd58b530000eda22,2021-08-05 16:25:43.000 UTC,ethereum
0x1723eb6c8fb98d2678ed186c48db11bbd12a80eb,2021-08-05 16:25:20.000 UTC,ethereum
0xaec82edfdae51ec06407fb459cf7465427f24212,2021-08-05 16:11:42.000 UTC,ethereum
0x6f9aeec6e3e74025d5a58a25ef5d6bc4757c9dba,2021-08-05 16:11:35.000 UTC,ethereum
0x48badfa52ec26d335e775e2c9587e023e9990260,2021-08-05 16:10:25.000 UTC,ethereum
0x77844fc0be83bb8e88c60b44c1281c5055f5e83a,2021-08-05 16:09:58.000 UTC,ethereum
0xf9e80a5f300944bfedf2816cbe72b1981c6c5ee2,2021-08-05 16:09:31.000 UTC,ethereum
0x1faf4344beaf9c90f9ed2cd2fdae0128063e6ae5,2021-08-05 16:07:48.000 UTC,ethereum
0x11b0cbad1eb39f14d934be986b590f3e663978e6,2021-07-28 20:41:25.000 UTC,ethereum
0x4e6d4f64f0a72e54f43b148706e85a1a0f7c7b06,2021-07-28 17:19:08.000 UTC,ethereum
0x941a9e3b91e1cc015702b897c512d265fae88a9c,2021-07-23 14:17:06.000 UTC,ethereum
0xcb55cdf44032cfa3e48610749bd60b89fc90dc9d,2021-07-23 14:16:36.000 UTC,ethereum
0xeda5066780de29d00dfb54581a707ef6f52d8113,2021-07-13 18:36:34.000 UTC,ethereum
0xa6424dcbc756427724e9ab24b9ef41524b07d4f5,2021-07-12 20:30:33.000 UTC,ethereum
0x4de23f3f0fb3318287378adbde030cf61714b2f3,2021-07-11 17:49:23.000 UTC,ethereum
0x05b49f435c1eacb0c618b5d13cadad28ad34209a,2021-07-11 17:49:13.000 UTC,ethereum
0xeb963da0ea2d53bfb930edc76f994fca2de7fe5f,2021-07-11 17:48:54.000 UTC,ethereum
0xd8d2b364ac240297e85c16523ad29b6eb2a56e2b,2021-07-11 17:48:33.000 UTC,ethereum
0x459ce908b9dd5d430a386f18f49b521bba4920cd,2021-07-11 17:48:03.000 UTC,ethereum
0xbb821eee8a84b99a1c88c93913b34895c47d9911,2021-07-08 10:48:53.000 UTC,ethereum
0x024461600cca3b7746ae389088f1d5c06b5e90b5,2021-07-08 10:48:44.000 UTC,ethereum
0x0f18647467de7b885fe1bf77a78e12e19c814ad7,2021-06-23 16:38:42.000 UTC,ethereum
0xe350708b71243ccd55cdd18833cdee5051ee378e,2021-06-23 16:38:04.000 UTC,ethereum
0xec046b20d26aedcaad476e21f22feb00ca0ced5d,2021-06-23 16:37:44.000 UTC,ethereum
0x060c676d9bd33d4eb944f3b6c19b3ac9eaa9ef66,2021-06-23 16:36:55.000 UTC,ethereum
0xf6025dfb3dfeed189d50842dac84dc3939b14b20,2021-06-23 16:36:55.000 UTC,ethereum
0x79f81fcd0d59876b40fbe1a44cf783e150fbc811,2021-06-23 16:36:26.000 UTC,ethereum
0x270e7b73aba8232b2dbfed6b4667b13f8bd868a0,2021-06-16 18:05:59.000 UTC,ethereum
0xf9ac9aa10c2b98e8033030691cc2b37fc10b4342,2021-06-14 15:33:44.000 UTC,ethereum
0x5291da2bd63ca984323877be35135f98ee164117,2021-06-14 15:32:49.000 UTC,ethereum
0xb0c5f3100a4d9d9532a4cfd68c55f1ae8da987eb,2021-06-07 18:47:06.000 UTC,ethereum
0x9ec2c3add938bdd63fd369afc2800595f69ba00d,2021-06-07 16:37:51.000 UTC,ethereum
0x735ebe3ed47877a11023b904054a0ffe44e91ab7,2021-06-07 16:37:37.000 UTC,ethereum
0xb78d1edfed9c93d7effd396f95997483f60b869e,2021-06-07 16:35:17.000 UTC,ethereum
0xe8f762f264a2d4f0c6f3b6f0b3c1926a67962b2f,2021-06-07 16:20:02.000 UTC,ethereum
0x7a6d37d7637a4ae334a8bec5a3ae414460c4ff5b,2021-06-07 15:56:25.000 UTC,ethereum
0x2a4f9e8a8071adf0b6be883644c4f4910c3d1c30,2021-06-07 15:47:24.000 UTC,ethereum
0xf6ec8d867a227ff5f84761407da1f85826c17797,2021-06-07 15:45:37.000 UTC,ethereum
0x4cd1761af5c771fb4046ed0f6ed39239f466f63b,2021-06-07 15:44:05.000 UTC,ethereum
0x8e80b88620e0a2395a46a5fa639e19cb0c493974,2021-06-07 15:42:53.000 UTC,ethereum
0x0f51bb10119727a7e5ea3538074fb341f56b09ad,2021-06-07 15:42:11.000 UTC,ethereum
0xdceebcc35ef57dc33d35895f3940e0b3f68353aa,2021-06-07 15:41:08.000 UTC,ethereum
0xc6bc4d60f83508c933cafaec515a8f4fa7776ac3,2021-06-07 15:40:31.000 UTC,ethereum
0x61b56d3c0cd91e52382600f9014c0634d7d87434,2021-06-07 15:39:44.000 UTC,ethereum
0x19bd896186bdc727afa03b8ac8516939d95f9da9,2021-06-07 15:38:41.000 UTC,ethereum
0x657b83a0336561c8f64389a6f5ade675c04b0c3b,2021-06-07 15:37:49.000 UTC,ethereum
0x4d195277855c60e09ac8c25dfc95d4768e1f1332,2021-06-02 20:59:57.000 UTC,ethereum
0xb76978af1d055cb91be91df525f2b0a30ca1d11a,2021-05-14 13:46:24.000 UTC,ethereum
0x96de2b69a47686e34769ffe50f97bd3dfaab2347,2021-05-12 11:02:54.000 UTC,ethereum
0x9d8da58bfa9df34917958c553c21b134a8395c01,2021-05-12 11:02:08.000 UTC,ethereum
0x75b3308a9a8904aa2c40cfcb4eaf958700d4b3e6,2021-05-12 11:01:43.000 UTC,ethereum
0xd79b37ae5ca33e674b979324ec966c152248d6f5,2021-05-08 18:15:27.000 UTC,ethereum
0x8e5540381f9e54cc2ce592253dc1f63d68261ecd,2021-05-08 18:14:49.000 UTC,ethereum
0xc64df3b364857330a0c777ce7771e5f180b41456,2021-05-08 18:13:43.000 UTC,ethereum
0xdf57e7b1aa3010850000f878fc8d6a4d1221bca9,2021-05-08 18:13:17.000 UTC,ethereum
0xd54a23ca7627fa3a520b83ef4e1efc8c63c4b8f6,2021-05-08 18:13:14.000 UTC,ethereum
0xe0673ad293b32a86634c38f65402bd5f22d2aade,2021-05-08 18:12:51.000 UTC,ethereum
0xbf61c98424f7894b72fdeb8eb0672993e087f717,2021-05-08 18:12:16.000 UTC,ethereum
0xf5a7cf1ef787f09eef1fb75d4a0ab9d651fa1da0,2021-05-08 18:11:33.000 UTC,ethereum
0xe9e9afac38e64728f1afbb2b65dec7be7c704c05,2021-05-08 18:11:01.000 UTC,ethereum
0x70be75aa9df59f9eb52ce1ef4f02e33ef52a6c14,2021-05-08 18:10:50.000 UTC,ethereum
0x93644e2325601c2aab36b5a8145eaac63fd8ecfc,2021-05-08 18:10:38.000 UTC,ethereum
0xd769a14f568b6a200a5b50f51c6e0bde61e76836,2021-05-08 18:10:20.000 UTC,ethereum
0xb1e22a5b9d7d4163f834b3247afe119122b10175,2021-05-08 18:10:12.000 UTC,ethereum
0x8e4fa3ca996c403f8f5bbafc99c02c4c878d4e05,2021-05-08 18:08:47.000 UTC,ethereum
0xe6ed97d28155c52dcf337146548f4d144fb267b3,2021-05-08 18:08:10.000 UTC,ethereum
0x18a433b71d4fb79eebfedf20a1eb60c7459132a3,2021-05-08 18:07:29.000 UTC,ethereum
0x510f22f7f28a82c8ce7a6e3703b4b0809aa9f1c3,2021-05-08 18:06:46.000 UTC,ethereum
0x90a0a27b53f968879b12cd56cd67d27904ba25a4,2021-05-08 18:06:16.000 UTC,ethereum
0x9d9f3c80dd99420da1f183aeeca74d93b8c7a08f,2021-05-08 18:05:54.000 UTC,ethereum
0xf2bba03cb436013ceb5bca624ad8a9aa2870a78a,2021-05-08 18:04:36.000 UTC,ethereum
0xb7b86ac74775b8e77f1fc52f9e7759d6d6b01829,2021-05-08 18:04:12.000 UTC,ethereum
0x6e2bf7cacc44df65cb97af11548e18d9dd0559c9,2021-05-08 18:03:56.000 UTC,ethereum
0xca1e057ce2fedd18c3b9323b64710c89eb5c607c,2021-05-08 18:03:07.000 UTC,ethereum
0xc975d1ab6caf6bcba3dd4c5203f74febbef1609f,2021-05-08 18:02:22.000 UTC,ethereum
0x1ed8fc553dd4159f8475c776811adf7139b6f3bf,2021-05-08 18:01:42.000 UTC,ethereum
0x8269e4f62b9253121579e500204aff5d0c897830,2021-05-08 17:19:09.000 UTC,ethereum
0x9dc2c41ffd47e44e03863e7dee5bf4bf1b415e16,2021-05-08 17:18:21.000 UTC,ethereum
0x1ddb6557315f58362dba3c37d55eec83023a8ec3,2021-05-08 17:17:52.000 UTC,ethereum
0xb05686a17ed23360d6bbb37652bc0424b12af5fd,2021-05-06 19:40:29.000 UTC,ethereum
0xfc4e7e1a5508636cd54b5e279c4e2b34eb0675ef,2021-05-04 18:06:09.000 UTC,ethereum
0xa7b62f0bca27e9d4187a8f1e4282e564a20ec55a,2021-05-03 19:36:58.000 UTC,ethereum
0x90a3309f03cfaa13601678f3fdccc4ec94fef6ab,2021-05-03 19:35:56.000 UTC,ethereum
0x2b0aaf924e8e0e00c014c3222473df5f58f34323,2021-05-03 19:35:13.000 UTC,ethereum
0xfe43306b8182d1c7af3ea39c324ab5bfd1d74ac2,2021-04-30 19:22:13.000 UTC,ethereum
0xb88d8defad365704722068daf045481f3205cfa6,2021-04-30 19:20:05.000 UTC,ethereum
0xd9a330f648dc9073a939774d3f7233ed2a2e79f0,2021-04-30 19:19:18.000 UTC,ethereum
0x2295f647854842d3636a369b29bf24622e0cb8d1,2021-04-30 19:19:18.000 UTC,ethereum
0x38cbe416e56585425993a38aa8e8ce49e915423f,2021-04-29 17:41:48.000 UTC,ethereum
0x7978042cd0116b48e9833a6b5c08fee283e4ccf7,2021-04-29 17:40:29.000 UTC,ethereum
0x470e19aca6ea428489049edeaecdb675c3265f0f,2021-04-29 17:39:30.000 UTC,ethereum
0x707176b584d0ae0c77d3035da8686f8b58cda73b,2021-04-28 13:41:37.000 UTC,ethereum
0xfae3ff7e05d921c1d48bbe6676ef5c902e32c801,2021-04-28 13:41:15.000 UTC,ethereum
0x3ec9ea7c8b37914f86a61eb36e5f1d43185e09ef,2021-04-28 08:51:58.000 UTC,ethereum
0x52f6335d6b6fe435f0c0898d8a007b633b7978df,2021-04-28 08:51:05.000 UTC,ethereum
0x14695f3d696bad62bbc7bfc8024317fcab744192,2021-04-26 20:02:59.000 UTC,ethereum
0x83736a07ff573e9bd06aaff4302c58ea756a6072,2021-04-26 20:01:59.000 UTC,ethereum
0x9c04faba41138ecaebc14fe9bf5f0ff449be6045,2021-04-26 20:01:59.000 UTC,ethereum
0x95ad9f76655b958b1f7c0553b15355bd7e38cf49,2021-04-26 20:01:59.000 UTC,ethereum
0xa9b324a17dbd851ecdc543bdf17448a10611ce36,2021-04-26 19:59:59.000 UTC,ethereum
0x8eab734f5639dcde8197e7b8724ea04556d5d69b,2021-04-26 14:02:11.000 UTC,ethereum
0x37c545dae781c5ee433e81cdbe54401effd111b4,2021-04-23 15:55:45.000 UTC,ethereum
0xd7c61645a6cf816897272060331b670896370075,2021-04-08 09:53:08.000 UTC,ethereum
0x0ab18527970d8f3c5faf22dfe96f4970cc849002,2021-04-08 09:53:08.000 UTC,ethereum
0x882c244394595c7b26bdeab00ce224f71ffda3a2,2021-03-29 20:35:47.000 UTC,ethereum
0x3485fad6dea96f0c6edc86eadfb73e9282f59172,2021-03-29 13:42:32.000 UTC,ethereum
0x9f1c87c3224dca911f6412fba5865c30647bddb1,2021-03-23 21:25:03.000 UTC,ethereum
0x8b47e7daa3c7471f446f6500243be9b59fd57451,2021-03-17 19:35:29.000 UTC,ethereum
0x7c73e2eba3d1f73d1d45e4d74168cab6b9ce3964,2021-03-17 19:35:02.000 UTC,ethereum
0x6fa0952355607dfb2d399138b7fe10eb90f245e4,2021-03-17 19:27:22.000 UTC,ethereum
0xea582df503a868b0222da3c849e836b6334e1ef4,2021-03-17 19:25:46.000 UTC,ethereum
0x000000000000000000000000000000000000129f,2021-03-17 19:24:52.000 UTC,ethereum
0x47e553546a125b57a4802e75a942fc4d0fe4d524,2021-03-17 19:20:52.000 UTC,ethereum
0x06c048c2afb355b22b76d73b4ec244a862e7e260,2021-03-17 19:19:42.000 UTC,ethereum
0x4688a8b1f292fdab17e9a90c8bc379dc1dbd8713,2021-03-17 19:19:35.000 UTC,ethereum
0x6f4617a2b686e722fa7550caec775148c20b8626,2021-03-17 19:19:27.000 UTC,ethereum
0x832970f1bc731d8119bf022072bb1015e3ad87f1,2021-03-17 19:17:40.000 UTC,ethereum
0x55d398326f99059ff775485246999027b3197955,2021-03-17 19:17:14.000 UTC,ethereum
0x97eb195bdae6a3afa19567a68d475c1006c2cbcb,2021-03-17 19:16:47.000 UTC,ethereum
0x248f50eab61ad11608fd07fb2188163fd2e0c5c6,2021-03-17 19:16:07.000 UTC,ethereum
0xe4815ae53b124e7263f08dcdbbb757d41ed658c6,2021-03-17 17:15:28.000 UTC,ethereum
0xb31d374d54ffcfba5330ece49aa50c07380c1948,2021-03-17 17:13:17.000 UTC,ethereum
0x86772b1409b61c639eaac9ba0acfbb6e238e5f83,2021-03-17 17:12:47.000 UTC,ethereum
0x0bc529c00c6401aef6d220be8c6ea1667f6ad93e,2021-03-17 17:10:50.000 UTC,ethereum
0x49662eba5ae85c5d2a64c6e59021b5c5831ecff6,2021-03-17 16:57:59.000 UTC,ethereum
0xa55d142507e1bacd3c18c71a12ecce6aeb36859b,2021-03-17 16:57:59.000 UTC,ethereum
0xba0a72d6c4912e9cf8f4407e7c469e3afae4fb35,2021-03-17 16:57:59.000 UTC,ethereum
0xcf376f95384f254db7d91f5ddfcf322c7b9a6bf9,2021-03-17 16:37:37.000 UTC,ethereum
0x9e7fa8dd15b4b0bade7245d8c9d51a872e324d2c,2021-03-17 16:37:28.000 UTC,ethereum
0xdc5bbc3ce9abefb91274eda83e1dc934bd6efde5,2021-03-17 16:37:17.000 UTC,ethereum
0x2dd2eb56cd4cb11ec41d413ccb2957474858db9b,2021-03-17 16:37:06.000 UTC,ethereum
0x3ef130a38c6719c578747e2eb4fce5a2e887a151,2021-03-17 16:36:19.000 UTC,ethereum
0xed65af79c9a6783563cb40a824d51cb2abbef6c2,2021-03-17 16:35:56.000 UTC,ethereum
0x7b8c3644bff1a2407d369b7218aec08de96414e0,2021-03-17 16:35:14.000 UTC,ethereum
0x1cac2a92628989a0af7889a82d4deb40b53d1279,2021-03-17 16:35:11.000 UTC,ethereum
0x0e82e631bfdf5ec6d0389abc56eee40281d98842,2021-03-17 16:34:03.000 UTC,ethereum
0x6a35326f5cdac8e46c645abcd9cb0731997cc603,2021-03-17 16:27:32.000 UTC,ethereum
0xe573e321170a5419697b6355cb829dd9200ed248,2021-03-17 16:22:07.000 UTC,ethereum
0xc7571b79d800ebc979e0bd435790e6b8408002ef,2021-03-17 16:19:41.000 UTC,ethereum
0xab019806fc72bfdfeee1331798e13e707db020b9,2021-03-17 16:19:19.000 UTC,ethereum
0x8aebed593fddbee769ddd2776ea5bdd2b8ce0bc4,2021-03-17 16:11:16.000 UTC,ethereum
0xbd3bd0f937c00486342699c9954df119edb239ae,2021-03-17 16:10:21.000 UTC,ethereum
0x53ba94ac472dbec5ad4cb28da03e366f73db45ec,2021-03-17 16:08:21.000 UTC,ethereum
0x13045d03de74254b0cbb88780ba48cd726764707,2021-03-17 16:06:52.000 UTC,ethereum
0x686b8b7540a6f8174afb76303719234c8cc2b1dc,2021-03-17 16:06:07.000 UTC,ethereum
0x9cd13942894b6bb7bba1608628d60b5ab91109ba,2021-03-17 16:05:31.000 UTC,ethereum
0x98e2e73b8bebbd693ac1fad90c21a378b27a344b,2021-03-17 16:03:35.000 UTC,ethereum
0x579aec2e6c3d505c38d480490333ba4038cd8abd,2021-03-17 16:03:27.000 UTC,ethereum
0x3e2a47e085225b0dc123a04fb48dc611766c5855,2021-03-17 16:02:56.000 UTC,ethereum
0xa15b09facc7de0367604c79f138c6e50efc5e011,2021-03-17 16:01:53.000 UTC,ethereum
0xaf0f30d580d1ace6e81ab3285786e14d91a118f8,2021-03-17 16:00:36.000 UTC,ethereum
0x0bf0143b288d7456cfa2abb9c29e538d2de324da,2021-03-17 16:00:26.000 UTC,ethereum
0x737f8a1c3558753292735f021d419b180602dd85,2021-03-17 15:59:20.000 UTC,ethereum
0x4787946e27ba984b1f7de57469fba64c859a2a4d,2021-03-17 15:58:53.000 UTC,ethereum
0x3602f3a38ebe0077a187bac005c11d93fdc92335,2021-03-17 15:58:44.000 UTC,ethereum
0x8c15480b2b67672cf8023f1fed5138f1eb43032b,2021-03-17 15:56:47.000 UTC,ethereum
0xac6403c5fa00499f1cce0e97f5d0a66f5def40ea,2021-03-17 15:53:53.000 UTC,ethereum
0x86aba7b5d13d8013462914ffe5bfeb10a02ee665,2021-03-17 15:53:02.000 UTC,ethereum
0xf1c9d8d440d0edee975f6d525d439c4360492884,2021-03-17 15:52:26.000 UTC,ethereum
0xfc2e4db1e01a64384395230d49ac810362895923,2021-03-17 15:52:04.000 UTC,ethereum
0x8a88ec253662ce5ae2600be6a38c17624d3332ad,2021-03-17 15:51:26.000 UTC,ethereum
0xe3a0c6d17d629b49297146a7867ed59de17ae8e6,2021-03-17 15:50:56.000 UTC,ethereum
0x3b2aca3b9d5f84a5f4a838c3954693ba639a9d88,2021-03-17 15:49:48.000 UTC,ethereum
0x7bc2326599db178d200d2a7b7ade3938be413770,2021-03-17 15:49:32.000 UTC,ethereum
0xebff9038fc52040272cc17d7a99fc903031d8643,2021-03-17 15:48:29.000 UTC,ethereum
0x428467c2794bf44d2d542619473934a6c19af6ed,2021-03-17 15:46:47.000 UTC,ethereum
0xa0786e9009587362250e33c749db29714c7b201c,2021-03-17 15:46:25.000 UTC,ethereum
0x7e7d6cc7e8a376828ce66ae187ac2a43cddf8fa8,2021-03-17 15:46:02.000 UTC,ethereum
0x8df2a8c10a7ee001d6e4e0d96704eee59e685f12,2021-03-17 15:45:09.000 UTC,ethereum
0xaad73d4523a41c1eb595683606c10448dc957a82,2021-03-17 15:44:27.000 UTC,ethereum
0x8b37d9a0eb0ffef19d2082f7c7becc36f4625051,2021-03-17 15:44:18.000 UTC,ethereum
0xa490436844c1e653f1d6cf0959d7eda71da472d8,2021-03-17 15:42:46.000 UTC,ethereum
0xed700411613b53911add5a02f0bce9ff51f94a3d,2021-03-17 15:42:25.000 UTC,ethereum
0x396213452da6b60aca7c487f6c3f2260a99cadfb,2021-03-17 15:41:21.000 UTC,ethereum
0x1dd16a5e2fb1d69529f7a37c4717a77035fc6682,2021-03-17 15:40:47.000 UTC,ethereum
0x957126019d0bc1458513b94a341f82902950c6e3,2021-03-17 15:40:08.000 UTC,ethereum
0xda1759909a1136ac562bfe482946fc6458dd8f6e,2021-03-17 15:39:41.000 UTC,ethereum
0x575d0149422fe888b18194f106614067fdcc1c2f,2021-03-17 15:38:44.000 UTC,ethereum
0xcf96650e31379c5e415ee23fc0f58ff6c5504b85,2021-03-17 15:35:51.000 UTC,ethereum
0xf6182f9b5a485110b80ae1eefcb554fe8975abbe,2021-03-17 15:34:24.000 UTC,ethereum
0xdde54bcc6b0a01f9d6481720f3dcc731d6062d64,2021-03-17 15:33:50.000 UTC,ethereum
0xb1192b03b914e31acf917932c148d973f39dc3ac,2021-03-17 15:32:22.000 UTC,ethereum
0x1bcc27cc9314e7851a9ff65f096c6e6a45f8a204,2021-03-17 15:31:58.000 UTC,ethereum
0x5665b926c0ce90f595231683c29ce17fbf33b459,2021-03-17 15:31:40.000 UTC,ethereum
0xae9570eb8d56adb65d6c64eb28771fe300d62a2b,2021-03-17 15:31:03.000 UTC,ethereum
0x0582aa82344b23374d065bd9de9e1a379061f467,2021-03-17 15:30:46.000 UTC,ethereum
0x4295a1d5b19aa6f9dbe98358944e2f20b9c8d631,2021-03-17 15:30:35.000 UTC,ethereum
0x307d6c4256366735328986560e5ff455daaf9229,2021-03-17 15:29:57.000 UTC,ethereum
0x9ad0fe3b1fa00cecd24ed21ce36882bf86d357bf,2021-03-17 15:29:12.000 UTC,ethereum
0x58259c48a2221fb740daee38bd69ff1fba01b6c7,2021-03-17 15:28:53.000 UTC,ethereum
0x59639d3f2df85212c2b317cc10e543082445756d,2021-03-17 15:28:36.000 UTC,ethereum
0x17101f2153d55de3344aad88504d28058c4a5c26,2021-03-17 15:27:45.000 UTC,ethereum
0x5e98f0ffef7aafa75d18f24dc7a35171b4d03142,2021-03-17 15:26:54.000 UTC,ethereum
0x5952e08ea5b46d89d800471c4e98321b6c6a78f1,2021-03-17 15:25:59.000 UTC,ethereum
0x70ad5cf7fdca10517b0129e0a8fff2ff3233756e,2021-03-17 15:25:25.000 UTC,ethereum
0x60665b420b0fb1d04ef775b3d5dca2228e367377,2021-03-17 15:24:48.000 UTC,ethereum
0xf15630eccf1e13508721313ab67422e4897ce008,2021-03-17 15:23:16.000 UTC,ethereum
0x6dd9a2ff7617c07a2bda29b44b1ea22c257ea7a7,2021-03-17 15:22:32.000 UTC,ethereum
0x94d76d217843b80c56903040ce95cc93c691aa4f,2021-03-17 15:22:08.000 UTC,ethereum
0x61fa37346147117325b92bcafa82d7dc215eed2e,2021-03-17 15:21:12.000 UTC,ethereum
0xaad31691c0a725bf847da5a5236e813132933f3c,2021-03-17 15:20:53.000 UTC,ethereum
0xb95c8faf817c5c9385cec66adbeec4c0127659b2,2021-03-17 15:19:40.000 UTC,ethereum
0x6566fd32e6440b4268d616479707321851f354df,2021-03-17 15:19:01.000 UTC,ethereum
0x873132bdecf05929305cf562c834114073b9cfa2,2021-03-17 15:17:38.000 UTC,ethereum
0xbd2949f67dcdc549c6ebe98696449fa79d988a9f,2021-03-17 15:16:38.000 UTC,ethereum
0x6fe56c0bcdd471359019fcbc48863d6c3e9d4f41,2021-03-17 15:16:04.000 UTC,ethereum
0x2b591e99afe9f32eaa6214f7b7629768c40eeb39,2021-03-17 15:14:48.000 UTC,ethereum
0xb3273dd8b99884bc3b37844df44f6a2575d2b8d1,2021-03-17 15:14:12.000 UTC,ethereum
0xba11d00c5f74255f56a5e366f4f77f5a186d7f55,2021-03-17 15:13:43.000 UTC,ethereum
0x9a0aba393aac4dfbff4333b06c407458002c6183,2021-03-17 15:12:53.000 UTC,ethereum
0xb4f6cef96e36fba2ebfabd8ea72720910debee55,2021-03-17 15:09:20.000 UTC,ethereum
0x94b73aea0d688af50ecc1195a06d470e20c2b3c7,2021-03-17 15:08:35.000 UTC,ethereum
0x8eeaa8b309327c617c74acedd3987bb46824e9a8,2021-03-17 15:07:15.000 UTC,ethereum
0xec116f70fc7c214d70d90af0b83417f7e0df2578,2021-03-04 17:27:50.000 UTC,ethereum
0xc13243044cf19011421a441251fcd18e4945bc27,2021-03-04 17:26:52.000 UTC,ethereum
0xe4e02c0e150720a277e6643153f8ed88249e3104,2021-03-03 20:14:06.000 UTC,ethereum
0x1329410051fc114d8050b007717fc7575a221c71,2021-02-11 20:41:21.000 UTC,ethereum
0x5f30e761b5f8274dd04ee0c4b1a15952d202be47,2021-02-10 21:24:49.000 UTC,ethereum
0x1a3a132f218d07b426e535f14f2572ab025ad69b,2021-02-08 19:03:51.000 UTC,ethereum
0x8946a15b530c435fc0fe221f9efad6faa68eeac2,2021-02-05 17:37:55.000 UTC,ethereum
0x14ec0cd2acee4ce37260b925f74648127a889a28,2021-02-05 14:32:45.000 UTC,ethereum
0xa313d59111aee950fb517c4b1c336d3a3aba6bec,2021-02-02 14:31:36.000 UTC,ethereum
0xb3b4be9db6f4c3a0eccf9c40ccc97c73ad0cc14d,2021-02-02 14:31:14.000 UTC,ethereum
0xd8e3fb3b08eba982f2754988d70d57edc0055ae6,2021-01-29 17:58:20.000 UTC,ethereum
0xe5d7dee3e3888baf1f9bc765713c0e23ed1a4513,2021-01-29 17:58:05.000 UTC,ethereum
0x4e220a522a7473319534968e5935f54755c1ed29,2021-01-29 17:57:21.000 UTC,ethereum
0x6239d6cdbd7605b599b79d72004209f12adf0caf,2021-01-29 17:56:08.000 UTC,ethereum
0x3449fc1cd036255ba1eb19d65ff4ba2b8903a69a,2021-01-29 17:55:59.000 UTC,ethereum
0xa7ed29b253d8b4e3109ce07c80fc570f81b63696,2021-01-29 17:55:44.000 UTC,ethereum
0xea96a3c2dce9ea37a477ebbb892ee67e66e7f808,2021-01-29 17:55:11.000 UTC,ethereum
0x4b4d2e899658fb59b1d518b68fe836b100ee8958,2021-01-29 17:54:56.000 UTC,ethereum
0x4166ab48ed12a060628905ab672e4a24d20310d9,2021-01-29 17:54:52.000 UTC,ethereum
0x31083543ef3e76447bb44b2d089c8cfbfb1fde82,2021-01-29 17:54:28.000 UTC,ethereum
0x691adb34fc64391bb7e37aa26a3138708fdc551b,2021-01-29 17:54:05.000 UTC,ethereum
0xe8138a3a847a25546250046cd7c5a867c2179f94,2021-01-29 17:51:55.000 UTC,ethereum
0x543bfa3d40848da53994b3a08dcd6638752ad56f,2021-01-29 17:51:20.000 UTC,ethereum
0x41860c3914c55ad6f63d5c6fd2a2cd6c893a2fc7,2021-01-29 17:50:44.000 UTC,ethereum
0x06b21bfac6118263327ae7001d6a676d362c89dd,2021-01-25 19:45:22.000 UTC,ethereum
0xe1d60fc312d54c4ea9a932aba37441c81c5cf806,2021-01-20 08:30:21.000 UTC,ethereum
0x529c3a6253e803fe6cffe9b8f3eb735df2e19c28,2021-01-20 08:30:03.000 UTC,ethereum
0x0000000000004946c0e9f43f4dee607b0ef1fa1c,2021-01-11 17:28:14.000 UTC,ethereum
0x24e3794605c84e580eea4972738d633e8a7127c8,2021-01-11 17:27:31.000 UTC,ethereum
0x38a8fc7133b11ca8c1128a0c3523435002ea1cfe,2021-01-11 17:24:17.000 UTC,ethereum
0x4e31f4ee7ee7dd58cca2be6b4934469e61a634d6,2021-01-11 17:23:41.000 UTC,ethereum
0x3b9f47e7054cd07ab58837cacf8fc3c0859f0854,2021-01-11 17:22:32.000 UTC,ethereum
0xd16fca52f955187eb7afb9503c6876f094cbdbfa,2021-01-11 17:19:17.000 UTC,ethereum
0x881d40237659c251811cec9c364ef91dc08d300c,2021-01-11 17:17:59.000 UTC,ethereum
0xb179fe021147bae18c00feaa8e09183a36429d43,2021-01-06 20:08:26.000 UTC,ethereum
0x83b379afaf9a0553f4dd41f1358d6a95dcb0e814,2020-12-30 22:14:50.000 UTC,ethereum
0xb60fbba496bed5dfc3be19b90a892351b07abb2b,2020-12-11 16:05:00.000 UTC,ethereum
0xb964bdcf25dea43b9fd0550d4f8b55585a539764,2020-12-11 15:58:23.000 UTC,ethereum
0x0a9cb439f65f51c879ef4a5cc2889c8ea633960c,2020-12-11 15:56:42.000 UTC,ethereum
0x6c5ba91642f10282b576d91922ae6448c9d52f4e,2020-12-11 15:55:11.000 UTC,ethereum
0xda926989cf0000bae2b4f53070407b2cd6b4f23e,2020-12-11 15:54:04.000 UTC,ethereum
0x21a3c54b186a7a832a68d96b10856c1cea6c385f,2020-12-11 15:51:20.000 UTC,ethereum
0x096e0a00d6d18f68f6e3e88e3101bdd030252230,2020-12-11 15:48:12.000 UTC,ethereum
0x69692d3345010a207b759a7d1af6fc7f38b35c5e,2020-12-11 15:46:45.000 UTC,ethereum
0x8ab7404063ec4dbcfd4598215992dc3f8ec853d7,2020-12-11 15:43:37.000 UTC,ethereum
0xbfe192bde24d347cb3b7f0175e8003e30f347a28,2020-12-11 15:43:03.000 UTC,ethereum
0xe233b8ca914ef98918b87d934c879095af71d75d,2020-11-26 20:17:13.000 UTC,ethereum
0xda4b8c2952be2aa9c5466708cf1f3589c185c937,2020-11-24 19:55:52.000 UTC,ethereum
0x98393fee5171c20092f5d0a7b57aac413ba9538f,2020-11-24 19:55:52.000 UTC,ethereum
0x8f9538e45a4434bdc8551d24a2c61097082f1cb0,2020-11-13 22:20:13.000 UTC,ethereum
0x7202e03b5cde32ec58e7fdfbde853173570594e3,2020-11-06 16:42:17.000 UTC,ethereum
0x25d4cfc04411a1f9e17b5b36e20bd079f9460b9a,2020-11-04 19:19:21.000 UTC,ethereum
0xb5451661101c45ba4bbc89abd0b30c254a90e85a,2020-11-04 19:19:17.000 UTC,ethereum
0x8993060b04367ffb12a09f9b68e3b0d37cd2c688,2020-11-04 19:18:47.000 UTC,ethereum
0x7748ebfe40fb4ca6ae9e4a7ea826a359609d353f,2020-11-04 19:18:20.000 UTC,ethereum
0x487860d44e5c27c467343da9da0f263a958c9575,2020-11-04 19:18:03.000 UTC,ethereum
0xf240af30cc65b9900a3c3e5b5990f38125e4095d,2020-11-04 19:17:54.000 UTC,ethereum
0x4ea95fdaa57b8594b7ef740d2a7e163e05c67b59,2020-11-04 19:17:46.000 UTC,ethereum
0xd4eeb14bfdf9658c0732f89dc9bc662a2a2ee5d0,2020-11-04 19:17:21.000 UTC,ethereum
0xf26fa4f2aca8b607755e8620c7163be8e4a73a27,2020-11-04 19:16:33.000 UTC,ethereum
0x15cce358a48bc3f2a4b346e1b4ccca90c552910f,2020-10-29 11:48:43.000 UTC,ethereum
0x094904b9816493aba8a246aec82e0d04a81dfd9e,2020-10-29 11:48:43.000 UTC,ethereum
0x0007f1253511e3e9312df8f180db96f0000000ad,2020-10-26 17:05:39.000 UTC,ethereum
0xc9ce70a381910d0a90b30d408cc9c7705ee882de,2020-10-26 17:05:34.000 UTC,ethereum
0x523eeafdac23fa2cb0c3873cda4818cdc80e28e8,2020-10-26 17:04:39.000 UTC,ethereum
0x33d0568941c0c64ff7e0fb4fba0b11bd37deed9f,2020-10-26 17:03:59.000 UTC,ethereum
0xe5caef4af8780e59df925470b050fb23c43ca68c,2020-10-26 17:02:32.000 UTC,ethereum
0xc3771d47e2ab5a519e2917e61e23078d0c05ed7f,2020-10-26 17:02:11.000 UTC,ethereum
0xb1f66997a5760428d3a87d68b90bfe0ae64121cc,2020-10-26 17:02:02.000 UTC,ethereum
0x6f446b03a63cc68aad86395bc2d8a38f358d3d69,2020-10-26 17:01:23.000 UTC,ethereum
0x3383c5a8969dc413bfddc9656eb80a1408e4ba20,2020-10-26 17:01:15.000 UTC,ethereum
0x50b6071561f068963bcfe2b341126cd6accafafb,2020-10-26 17:01:15.000 UTC,ethereum
0xfd2cb3ace5f59cc3c43c967c326b81c01e051bdf,2020-10-26 16:57:49.000 UTC,ethereum
0xf768308c448ca951f0fb2487cebe5598c8fb40e2,2020-10-26 16:57:43.000 UTC,ethereum
0xf73d8d6f76d5e35ab952f94a6b431a730e5c5c7f,2020-10-26 16:54:30.000 UTC,ethereum
0xf6a5d0770bf4384c7917b6b92d646acb08fa7739,2020-10-26 16:53:59.000 UTC,ethereum
0xf5e9f38e559cf86b5eca5e78c4dc71e2268660d0,2020-10-26 16:53:00.000 UTC,ethereum
0xf041c501f16891a2b23f7d3fde5105c80453db92,2020-10-26 16:51:43.000 UTC,ethereum
0xee5e98d9902e8158965c0b87364c3bb418754da1,2020-10-26 16:50:52.000 UTC,ethereum
0xec13cfe6f132fd976f93ef9cb5f103df0eec694a,2020-10-26 16:49:05.000 UTC,ethereum
0xe53fbe593fb1a7c195661b1a7ecc506ac58590fa,2020-10-26 16:45:09.000 UTC,ethereum
0xe21e7457ffdee184f540d8e4749ef183504f001c,2020-10-26 16:44:04.000 UTC,ethereum
0xe09378e4cc630a8809116b97321f4e014942ede5,2020-10-26 16:43:31.000 UTC,ethereum
0xe01df2813742b890d5d7e10e2304ba54f586f93f,2020-10-26 16:39:31.000 UTC,ethereum
0xdd1072cd2cb592721085d439baec0130c1208265,2020-10-26 16:38:32.000 UTC,ethereum
0xdce043a240980194e03781844640177361533ea5,2020-10-26 16:38:20.000 UTC,ethereum
0xda66cabdf85b32c36fc5faa7e31f22ed76157eb0,2020-10-26 16:37:04.000 UTC,ethereum
0xd94bb87e0799222fc1e44fa34fd73b6aff220f82,2020-10-26 16:36:36.000 UTC,ethereum
0xd86592a45dd5c77f233b0422212ff3c1ec304d96,2020-10-26 16:36:08.000 UTC,ethereum
0xd8108764a3d828435e0d85490b10cee929bad2d4,2020-10-26 16:35:41.000 UTC,ethereum
0xd67ea534d7944b62c532ae4f0ccff03414b134d5,2020-10-26 16:34:54.000 UTC,ethereum
0xd5d4fe47f66723e45a41c941fd0177449967273d,2020-10-26 16:34:39.000 UTC,ethereum
0xd4268b450eb95946cd84500ca516bce781464969,2020-10-26 16:34:18.000 UTC,ethereum
0xd1359596738c8bb8f4076a6b93e3a6a94d7b0fc1,2020-10-26 16:34:11.000 UTC,ethereum
0xcc115d21446926f68d5a9537bcb5c2c316a49544,2020-10-26 16:32:56.000 UTC,ethereum
0xcbb8514622eab1c3d287b0188a4edcd15dccf232,2020-10-26 16:32:36.000 UTC,ethereum
0xca13060a208691e08254e8dcb4f0fd6e864be095,2020-10-26 16:32:00.000 UTC,ethereum
0xc4d332f6a6a231c049d388c1975eba1c3a7e3c8d,2020-10-26 16:30:33.000 UTC,ethereum
0xc0db456cc0c9d71e793eeaca61148c0473e8bbb2,2020-10-26 16:29:59.000 UTC,ethereum
0xc0388a58be04564fbab4c21336155c5fe1862629,2020-10-26 16:29:42.000 UTC,ethereum
0xba6b1e0dbedd00707981a84946cde8e556ce259c,2020-10-26 16:29:25.000 UTC,ethereum
0xb8a886423d63063b67638ca29f849d8df611ef00,2020-10-26 16:29:10.000 UTC,ethereum
0xb8500fb47adeda3c0262e18e333f432aa6ac8ff1,2020-10-26 16:28:25.000 UTC,ethereum
0xb805c79f03a4230170b4c1d0ff3bb6c070c79d11,2020-10-26 16:28:12.000 UTC,ethereum
0xb4da3ea40c2548765ca5ba8a10c0cef3c24f5ee6,2020-10-26 16:27:44.000 UTC,ethereum
0xb41ed79226eef18e995260c07f6556d50f181c77,2020-10-26 16:27:12.000 UTC,ethereum
0xaed4fa526cbf10ccdf6278a871b3155d7ce21664,2020-10-26 16:27:03.000 UTC,ethereum
0xace03f077ab93edad192aa32940699b1f445c7dd,2020-10-26 16:26:56.000 UTC,ethereum
0xa9f851e6543a25972886b86b1160c47c9240d685,2020-10-26 16:26:41.000 UTC,ethereum
0xa9e8c881b448e9e18ca3acaaf1e7cd69ab68c81f,2020-10-26 16:26:34.000 UTC,ethereum
0xa7a621a76bd0aca522dfda21573a72e7e313b42b,2020-10-26 16:26:19.000 UTC,ethereum
0xa7610b2ba35756bb01384debea3cb0f0855247b1,2020-10-26 16:26:02.000 UTC,ethereum
0xa65d8ab49125dc4704c0b29908983db3936cdada,2020-10-26 16:25:28.000 UTC,ethereum
0xa58b120028938cd52a673b366b3a7b96142cabd7,2020-10-26 16:23:50.000 UTC,ethereum
0xa60fcac8a4cf70af2a2e0c0cda73afef208c6daa,2020-10-26 16:23:50.000 UTC,ethereum
0xa41fc53e6cb56258b1014564e0dca5879bb6a06b,2020-10-26 16:18:55.000 UTC,ethereum
0xa1ba11daa1ca5307b8e31b2d418328bea6fdc6b7,2020-10-26 16:18:34.000 UTC,ethereum
0xa0820e7e310a061d92df27540d369f962b708e09,2020-10-26 16:18:18.000 UTC,ethereum
0x9e1a5c1bbfb0e6bd11a52fff463ef5bbb449bfcd,2020-10-26 16:16:45.000 UTC,ethereum
0x9c399c4859c95330d4cd03dbedd8f03566b1ab70,2020-10-26 16:15:59.000 UTC,ethereum
0x99fb8ea7fd859c1d8425f4f7a024bf355db476d9,2020-10-26 16:15:51.000 UTC,ethereum
0x98a65067424a2a512eb22d0919bf772d4acb7dd4,2020-10-26 16:15:21.000 UTC,ethereum
0x97005d821905bd11ca0574cf0319956e4c7eec09,2020-10-26 16:14:42.000 UTC,ethereum
0x94bf8a5ea95c837f72729abe0fdfb249fa9e6880,2020-10-26 16:14:03.000 UTC,ethereum
0x92cf4d125b904864b016c8c10b7a8e8504060a4e,2020-10-26 16:13:24.000 UTC,ethereum
0x8c6b4a65e3b442b1d7b4d4b3143049c36d78a173,2020-10-26 16:13:22.000 UTC,ethereum
0x8c37b927fa392ad0b1890c8fb49fe939563f768f,2020-10-26 16:13:04.000 UTC,ethereum
0x8ac7c0ba14eafdb8fe4378028d540e9ed576afdb,2020-10-26 16:12:47.000 UTC,ethereum
0x89c61abda2a1061182765656dc591306a491643c,2020-10-26 16:12:08.000 UTC,ethereum
0x891cb46cf734538cc52eff7b68c9edd8e07ff2c9,2020-10-26 16:11:52.000 UTC,ethereum
0x8679b074480c47d6e4b4c4bb24e5970e1a0d0cfc,2020-10-26 16:10:41.000 UTC,ethereum
0x84c03c2c14e73e90bf8cea11d625271b3a92dfac,2020-10-26 16:10:28.000 UTC,ethereum
0x7e5c85bcb39b59e9910f6e271e20433c7b0561c4,2020-10-26 16:09:51.000 UTC,ethereum
0x78bc05de11d5504beb9857bf20418240d7d64af6,2020-10-26 16:09:41.000 UTC,ethereum
0x781ade5b26e54acfe07bbcc9fa280b12f1b81a5b,2020-10-26 16:09:31.000 UTC,ethereum
0x760ee593861973b4cbc372a2cc31892e80f22ecd,2020-10-26 16:09:06.000 UTC,ethereum
0x7500f0c7b6de1987e5bf617f681c0e10f0b73cae,2020-10-26 16:07:37.000 UTC,ethereum
0x74b76a5ce326bcdab7c9ba4c8b4c204cc42b1cb2,2020-10-26 16:07:10.000 UTC,ethereum
0x72c7ca996bb133acb16e9963c9f955a5b04edbb0,2020-10-26 16:06:24.000 UTC,ethereum
0x6ef45e8d694c35f6cf00b9e9d31ce05b24a384d4,2020-10-26 16:06:01.000 UTC,ethereum
0x6e82ab852f0584d61142adc2b5f196a661292e16,2020-10-26 16:05:13.000 UTC,ethereum
0x68f64608fcb137f8ceccaa08e41678cde0a73de6,2020-10-26 16:04:52.000 UTC,ethereum
0x641a67e0583f05e3fb93fce93bd3bdfe47301c3e,2020-10-26 16:04:23.000 UTC,ethereum
0x61a16fc2e352647ac9c130be6742ced32c911dee,2020-10-26 16:03:52.000 UTC,ethereum
0x60bd000b619e7ac467f9581a991d69338db18dba,2020-10-26 16:03:36.000 UTC,ethereum
0x5def1f2f8aa773fb92ec5028ebbdd33edac6e850,2020-10-26 16:02:39.000 UTC,ethereum
0x5aaace475669ef0be27b241ee7eceb74ea5e36b7,2020-10-26 16:01:42.000 UTC,ethereum
0x58f2f452b5500a95e92b1c8b8ca44e996712606d,2020-10-26 16:01:18.000 UTC,ethereum
0x5435ee8414d495d6eb15c79f5b10ed5f6684f448,2020-10-26 16:01:02.000 UTC,ethereum
0x5357ca709f0469c4a4de562d96cfec65e87e7e8d,2020-10-26 16:00:41.000 UTC,ethereum
0x51d0d3a1912263bdf3b103ad13b6b03598c5680d,2020-10-26 16:00:27.000 UTC,ethereum
0x4debafea523bd94dbe030836e1dd3b6e64a79ea7,2020-10-26 15:59:57.000 UTC,ethereum
0x4933038d1ab1e8d042c3944fee2c2d4cb2b02fcf,2020-10-26 15:59:32.000 UTC,ethereum
0x4812042a9fdf864ffd80d298628b23a3cc4f8988,2020-10-26 15:59:24.000 UTC,ethereum
0x47409050f0ced07aac3dae0c48aa6fe8db63455d,2020-10-26 15:59:16.000 UTC,ethereum
0x45412c2a74ff5a3a282e49fc163e4d8c72e25d1f,2020-10-26 15:58:46.000 UTC,ethereum
0x44281fe195402ed29c8067ef107c1dd4b6fbefb2,2020-10-26 15:58:29.000 UTC,ethereum
0x42b07bd8c55bfe4d20c4be2d62bc2c0d905ef9e7,2020-10-26 15:58:02.000 UTC,ethereum
0x417d46b12ebfb45cdf3403e99a760798db3737fd,2020-10-26 15:57:34.000 UTC,ethereum
0x3e732383de30e25ab0cafbe05bc3aab0eef86129,2020-10-26 15:57:01.000 UTC,ethereum
0x3b2a153a99f1855d8aefe2c925c796eeb0b78d60,2020-10-26 15:56:26.000 UTC,ethereum
0x37e77753fb405ece1164b7179ca4800c99f5c7d8,2020-10-26 15:56:21.000 UTC,ethereum
0x37cd869582ddcc9db0cee5c587105cb597a9a76b,2020-10-26 15:55:24.000 UTC,ethereum
0x37b9a0e18bf70b009b757c49857b5299745a63a0,2020-10-26 15:54:46.000 UTC,ethereum
0x32a895bae7aa91ee5e423d756eb36b29b1d45785,2020-10-26 15:54:37.000 UTC,ethereum
0x2e2b305cfd35ab22a767b67a8bf5dceb75c8dc7d,2020-10-26 15:54:22.000 UTC,ethereum
0x2d43b14ed6c61389fd0b398b73c6782231dff73a,2020-10-26 15:53:47.000 UTC,ethereum
0x2c77621324be3bfeefdc5e25204af6db88ff798a,2020-10-26 15:53:23.000 UTC,ethereum
0x2c6ce190452c43f6387929d3802b23e3d43270f3,2020-10-26 15:52:32.000 UTC,ethereum
0x2b19d941d6a639ab9a3a70555c34cbba47a52076,2020-10-26 15:51:27.000 UTC,ethereum
0x29e7e2ccad6cd025a9b03fedcdd344eeba19cf76,2020-10-26 15:51:15.000 UTC,ethereum
0x296ab0cd87840db642a05522306f679c77f9bbc1,2020-10-26 15:50:38.000 UTC,ethereum
0x291bc570aac1e90a0c5230fbfb3f97274c111273,2020-10-26 15:50:12.000 UTC,ethereum
0x27889548c9d767e48e45b2f07ef3cf1faa5b2a97,2020-10-26 15:49:50.000 UTC,ethereum
0x2609bfda99430fe5b62b17afd91c62ab1a843ca9,2020-10-26 15:49:40.000 UTC,ethereum
0x25d33526deed7ef7fbf280e0ae64ffa2885797a2,2020-10-26 15:49:29.000 UTC,ethereum
0x242d65529f330751baf13120a0cf5face08ca9ca,2020-10-26 15:48:28.000 UTC,ethereum
0x1f36ecbd76f05f631a98932195a19b4b0494949e,2020-10-26 15:47:46.000 UTC,ethereum
0x18fae44d01a92ede3362d321ad435e3876767edd,2020-10-26 15:46:49.000 UTC,ethereum
0x18bc757caa7658995c40dc7542254613ab2580f6,2020-10-26 15:46:28.000 UTC,ethereum
0x0e1f5f828f7c66631728658cb4cbd966700acf6d,2020-10-26 15:44:31.000 UTC,ethereum
0x05594df248cb01f8046aba8a37d744b99acb6d9f,2020-10-26 15:42:30.000 UTC,ethereum
0x0199f775670c4f767319f8dd1646ba7c617e4063,2020-10-26 15:37:42.000 UTC,ethereum
0xf8c3527cc04340b208c854e985240c02f7b7793f,2020-10-07 18:28:30.000 UTC,ethereum
0x56d811088235f11c8920698a204a5010a788f4b3,2020-10-07 18:16:35.000 UTC,ethereum
0x0128e4fccf5ef86b030b28f0a8a029a3c5397a94,2020-09-30 19:23:38.000 UTC,ethereum
0x3f382dbd960e3a9bbceae22651e88158d2791550,2020-09-30 19:23:08.000 UTC,ethereum
0x3e9bc21c9b189c09df3ef1b824798658d5011937,2020-09-30 18:25:07.000 UTC,ethereum
0x2cedfa2a7f5e1102830b81759b95353c08973386,2020-09-30 18:21:21.000 UTC,ethereum
0x0000000000000000880620000000203571704007,2020-09-30 18:21:12.000 UTC,ethereum
0xda3145d0a373712e036106fc1fa34b1014807e68,2020-09-30 18:20:49.000 UTC,ethereum
0x668dbf100635f593a3847c0bdaf21f0a09380188,2020-09-30 18:20:38.000 UTC,ethereum
0xf275d07c3db7e14711290aa4c63cdce17db7bfa9,2020-09-30 18:20:13.000 UTC,ethereum
0x1e18821e69b9faa8e6e75dffe54e7e25754beda0,2020-09-30 18:19:50.000 UTC,ethereum
0xa0246c9032bc3a600820415ae600c6388619a14d,2020-09-30 18:19:11.000 UTC,ethereum
0xa3bed4e1c75d00fa6f4e5e6922db7261b5e9acd2,2020-09-30 18:18:44.000 UTC,ethereum
0xb3282c5caefb26c24e462e828ea977d8dfe9effb,2020-09-30 18:17:30.000 UTC,ethereum
0xb323a404a1b391b8072ba86b5746f9cc862b21cd,2020-09-30 18:16:51.000 UTC,ethereum
0xeb31973e0febf3e3d7058234a5ebbae1ab4b8c23,2020-09-26 08:20:58.000 UTC,ethereum
0xcfdc3640e0feeda6e4900a487a897aea8df6a3a2,2020-09-25 18:31:39.000 UTC,ethereum
0x2d8e135b4bd81e8a1d04efa19d9485d2eb12fcf3,2020-09-25 17:04:41.000 UTC,ethereum
0x1b0b7607bc9df784f707c82e84410d7dfae3d006,2020-09-21 17:41:27.000 UTC,ethereum
0xfd846ce81f9566e34790946078221c93f777a419,2020-09-21 17:40:47.000 UTC,ethereum
0x729191805f6bbe845de6e3e4a554c40111bc6c26,2020-09-21 17:40:21.000 UTC,ethereum
0x98eaba2684b49bbde9842cd48f3bae8caa31dac4,2020-09-11 16:19:51.000 UTC,ethereum
0x9f284e1337a815fe77d2ff4ae46544645b20c5ff,2020-09-11 16:18:48.000 UTC,ethereum
0xaba8cac6866b83ae4eec97dd07ed254282f6ad8a,2020-09-11 16:17:59.000 UTC,ethereum
0xb8baa0e4287890a5f79863ab62b7f175cecbd433,2020-09-11 16:17:23.000 UTC,ethereum
0x3ac4a91b718b9845d4519936ea4db8fb2a6ec115,2020-09-11 16:16:19.000 UTC,ethereum
0x45f24baeef268bb6d63aee5129015d69702bcdfa,2020-09-11 16:11:48.000 UTC,ethereum
0x6b3595068778dd592e39a122f4f5a5cf09c90fe2,2020-09-08 15:50:35.000 UTC,ethereum
0xd533a949740bb3306d119cc777fa900ba034cd52,2020-09-08 15:49:02.000 UTC,ethereum
0x0e29e5abbb5fd88e28b2d355774e73bd47de3bcd,2020-09-08 15:48:38.000 UTC,ethereum
0x3365cff5e0970fbb2cf744796901002d9987c0dc,2020-09-08 15:46:38.000 UTC,ethereum
0x0000000000000000000000000000000000000aa3,2020-08-10 17:00:42.000 UTC,ethereum
0x17d25a67781122e89bcaeba36a5c72a4aa809e4e,2020-08-10 16:59:14.000 UTC,ethereum
0x0000ef2a62c7c7580db66bbb50e1a913f0cc0615,2020-08-10 16:58:25.000 UTC,ethereum
0xf8e85302bb65e3086f555637757ff0cda241562e,2020-08-10 16:57:10.000 UTC,ethereum
0xdcb7a40366e4c3b35cb30026040a4f84e2a94c11,2020-08-10 16:54:10.000 UTC,ethereum
0xdc599a126a1af8648bdcd36579613e4cf24976d2,2020-08-10 16:53:21.000 UTC,ethereum
0xda3240dec8afac34c6dd7c84fb64603676142c57,2020-08-10 16:52:18.000 UTC,ethereum
0xd80b103eba455a433798290b4c20e3024c6648c6,2020-08-10 16:51:53.000 UTC,ethereum
0xb25a1f3a7084ef8aff33c2e94ee02045cbcfa869,2020-08-10 16:51:08.000 UTC,ethereum
0xae1c66afd3add84f1054a86268b10dcf7567b95a,2020-08-10 16:50:22.000 UTC,ethereum
0xaaae21b96542cc52d9e0f8e7b74cfb171d6ba339,2020-08-10 16:49:48.000 UTC,ethereum
0xa8d1a4f9c3a26eb19e5b585e16a384311b7fb1a8,2020-08-10 16:49:02.000 UTC,ethereum
0x7d8115947cea2966aa61fdfaa4d58053aeac4e2f,2020-08-10 16:48:34.000 UTC,ethereum
0x6f29b5b1462f3875e5e39c9fe5143e1a1fd85ab7,2020-08-10 16:47:28.000 UTC,ethereum
0x600ae3c68fe447e4aeb02a0a237d7376279a44f1,2020-08-10 16:46:35.000 UTC,ethereum
0x5da7970bc6b14e31cc0ee64c94bf347d16e33d04,2020-08-10 16:45:50.000 UTC,ethereum
0x4355849b431db6a75b06535532299b82529300c9,2020-08-10 16:44:27.000 UTC,ethereum
0x39c5088b3019cab57ee8d5b2798fe55b8c3a560d,2020-08-10 16:43:59.000 UTC,ethereum
0x3302c2ea22520bd5e7ebde0eef31072e9990c18c,2020-08-10 16:43:04.000 UTC,ethereum
0x2c09de5466ea6234dbad3915b8f9ec53c321e90e,2020-08-10 16:42:22.000 UTC,ethereum
0x06083c4d615920cf267b53550b265497155ce71a,2020-08-10 16:40:43.000 UTC,ethereum
0x6a715c4cd36a00bf61994f15c725063f7ed692c3,2020-08-08 18:52:51.000 UTC,ethereum
0x63f8e1fb9304fc6f7c613023c8104ba464122fd1,2020-08-08 18:52:35.000 UTC,ethereum
0x96bd030b35732b9cb971655ed762635e3e753f94,2020-08-08 18:52:16.000 UTC,ethereum
0xbe6afbf9a85a65b3c3a77f9e7f4006da11cc82c3,2020-08-08 18:51:51.000 UTC,ethereum
0xc0302dc505906e967c333fe31b470a8b76d90602,2020-08-08 18:51:28.000 UTC,ethereum
0xa74476443119a942de498590fe1f2454d7d4ac0d,2020-07-27 18:02:43.000 UTC,ethereum
0xaa6edb1f014838440d5d3a2c489c5fb0a2d910d5,2020-07-27 17:54:54.000 UTC,ethereum
0x07aff5c0cc27473c3e4ac359e7a2372d85d556e2,2020-07-27 17:47:46.000 UTC,ethereum
0xe0ee037b54e94bd837a476fadf111c9aee82abad,2020-07-10 14:47:31.000 UTC,ethereum
0x8a160cac2f51f0365f92114837ee1cc8c5f9acb7,2020-06-14 18:31:41.000 UTC,ethereum
0x000000000000000000000000000000000000015d,2020-06-08 16:19:53.000 UTC,ethereum
0x0000000000000000000000000000000000000fdc,2020-05-06 16:08:14.000 UTC,ethereum
0x40d3c991b9cecf8b390f3622bf4cb9418283e57c,2020-05-06 16:05:39.000 UTC,ethereum
0xea7e96d744b2b5a5106902fc615bd351c645b182,2020-05-06 16:02:53.000 UTC,ethereum
0xe453f4012c868cb25a0b987fa8d2a60f28300082,2020-05-06 16:02:08.000 UTC,ethereum
0x016913ead5672f01de2043874e5c1cac5df608de,2020-05-06 16:01:52.000 UTC,ethereum
0x000000000000000000000000000000000000001e,2020-05-06 16:01:52.000 UTC,ethereum
0x0000000000000000000000000000000000000001,2020-05-06 15:58:41.000 UTC,ethereum
0xb66a58e0aaa66b2ef9822c75cb577d336acb00bd,2020-04-11 15:05:35.000 UTC,ethereum
0x5c27cc68fe01a3994807b60a6c81d8ba638b4ba1,2020-04-05 16:45:08.000 UTC,ethereum
0x552804d08eb7abbf89c131e4c4b1e9e259d90751,2020-04-03 17:14:06.000 UTC,ethereum
0x0000000000000000000000000000018148086009,2020-04-03 17:13:46.000 UTC,ethereum
0x0000000000000000000000000000000000000e33,2020-03-05 17:22:14.000 UTC,ethereum
0x6f5901e3c53a51fce8edc15f6fa2b01b24226dcc,2020-03-05 08:55:47.000 UTC,ethereum
0x20be90ebfd8395a34740db71d670d99da93b10a9,2020-02-28 00:21:59.000 UTC,ethereum
0x087a39ecd3e12db24b76025efaf077a2fd6e44c2,2020-02-25 18:06:35.000 UTC,ethereum
0x5441bfcda141759eaae9737a28cb2f9fd43e8869,2020-02-25 18:05:55.000 UTC,ethereum
0x14675623b1d8fcaa086ebcc82ce5d390d6c681c3,2020-02-14 18:47:06.000 UTC,ethereum
0x000000000cd2ea93ac6de3054ad27667ed965a81,2020-02-14 18:45:23.000 UTC,ethereum
0xe74f306bfbff84f675fdceb770b157b70b017169,2020-02-14 18:43:44.000 UTC,ethereum
0x0000000000000000000000000001fc24fe892306,2020-01-31 17:07:09.000 UTC,ethereum
0xd5faed37a99373c218a73149f93e47ce1c983dfe,2020-01-06 16:54:21.000 UTC,ethereum
0xb7944bfe170986fd6230b4c18bc7072cb485686e,2019-11-01 15:38:46.000 UTC,ethereum
0x20d99ca2c88b20e34f5d7f7e5fdc61c9181c6732,2019-11-01 15:35:50.000 UTC,ethereum
0x0763fa09cc7d60e734c670d327d11b3a8a3f7776,2019-11-01 15:35:12.000 UTC,ethereum
0xf192f9cd28aa0e268eed28078a432dd4abfe8269,2019-11-01 15:35:02.000 UTC,ethereum
0xda66146ec41690ed8392869b0238dae5774f2314,2019-09-26 18:21:49.000 UTC,ethereum
0xbdaf3e422d2cfa10f34c59f7151dd31499a426b5,2019-09-06 07:19:12.000 UTC,ethereum
0x8faff11fde21191e7fd50806dcbcdd49265d51a0,2019-01-21 15:09:41.000 UTC,ethereum
0xdac17f958d2ee523a2206206994597c13d831ec7,2018-12-28 17:50:25.000 UTC,ethereum
0x00000000000000000000000000000000000001f2,2018-12-28 17:44:45.000 UTC,ethereum
0x00000000000000000000000000000000000018fe,2018-12-28 17:44:07.000 UTC,ethereum
0x000000000000000000000000000000000000001a,2018-12-28 17:43:27.000 UTC,ethereum
0x0000000000000000000000000000000000000019,2018-12-28 17:42:11.000 UTC,ethereum
0x0000000000000000000000000000000000000018,2018-12-28 17:40:28.000 UTC,ethereum
0x0000000000000000000000000000000000000000,2018-12-28 17:36:24.000 UTC,ethereum
0x008fe40574e881e7247b50b991c0cc057d66647f,2018-06-09 12:31:42.000 UTC,ethereum
0x9faf5515f177f3a8a845d48c19032b33cc54c09c,2017-11-28 16:39:10.000 UTC,ethereum
